kind,stable_id,config_pointer,xy_m,z,requires,trigger,success,reward_fact,source,gap_owner,runtime
main,main_01,/campaign/quests/0,"[930, 550]",NOT_FROZEN,,新游戏开场初始安全节点建立后,prologue_exited事实已提交，20名初始幸存者与兄弟在camp落脚,reward:main_01,Source/Hearthward/Campaign/HearthwardCampaignQuests.cpp,TASK-087/090 knowledge; TASK-100 legal completion; TASK-095--099 presentation,NOT_RUN_NORMAL_INPUT
main,main_02,/campaign/quests/1,"[-980, -750]",NOT_FROZEN,"[""main_01""]",落脚后由营地管理入口提示,工作台I存在，岗位分配和伙伴指令有真实成功回执,reward:main_02,Source/Hearthward/Campaign/HearthwardCampaignQuests.cpp,TASK-087/090 knowledge; TASK-100 legal completion; TASK-095--099 presentation,NOT_RUN_NORMAL_INPUT
main,main_03,/campaign/quests/2,"[-380, -845]",NOT_FROZEN,"[""main_02""]",营地报告一名失散族人在旧路边,rescued_01已入营，普通人口至少21,reward:main_03,Source/Hearthward/Campaign/HearthwardCampaignQuests.cpp,TASK-087/090 knowledge; TASK-100 legal completion; TASK-095--099 presentation,NOT_RUN_NORMAL_INPUT
main,main_04,/campaign/quests/3,"[-980, -750]",NOT_FROZEN,"[""main_03""]",首次救援入营后营地页显示升阶条件,共享营地阶级至少2,reward:main_04,Source/Hearthward/Campaign/HearthwardCampaignQuests.cpp,TASK-087/090 knowledge; TASK-100 legal completion; TASK-095--099 presentation,NOT_RUN_NORMAL_INPUT
main,main_05,/campaign/quests/4,"[1100, -250]",NOT_FROZEN,"[""main_04""]",日志提供故乡已知地形及旧路方向,渡口已激活、望点和故乡入口已发现,reward:main_05,Source/Hearthward/Campaign/HearthwardCampaignQuests.cpp,TASK-087/090 knowledge; TASK-100 legal completion; TASK-095--099 presentation,NOT_RUN_NORMAL_INPUT
main,main_06,/campaign/quests/5,"[1010, 250]",NOT_FROZEN,"[""main_05""]",发现故乡后显示清敌／旗帜双计数,已控区数至少2,reward:main_06,Source/Hearthward/Campaign/HearthwardCampaignQuests.cpp,TASK-087/090 knowledge; TASK-100 legal completion; TASK-095--099 presentation,NOT_RUN_NORMAL_INPUT
main,main_07,/campaign/quests/6,"[1090, 450]",NOT_FROZEN,"[""main_06""]",进入故乡后持续追踪，主线前置只影响日志呈现,hometown_reclaimed事实；K=N且C=4且全部增援终态,reward:main_07,Source/Hearthward/Campaign/HearthwardCampaignQuests.cpp,TASK-087/090 knowledge; TASK-100 legal completion; TASK-095--099 presentation,NOT_RUN_NORMAL_INPUT
main,main_08,/campaign/quests/7,"[1090, 450]",NOT_FROZEN,"[""main_07""]",第二营地实际开放后,第二营地使用事实与一次保存继续回执齐全,reward:main_08,Source/Hearthward/Campaign/HearthwardCampaignQuests.cpp,TASK-087/090 knowledge; TASK-100 legal completion; TASK-095--099 presentation,NOT_RUN_NORMAL_INPUT
side,side_01,/campaign/quests/8,"[1000, 410]",NOT_FROZEN,,落脚后营地线索或现场接触，可越过日志直接救援,"以下全部人物已入营：rescued_02, rescued_03",reward:side_01,Source/Hearthward/Campaign/HearthwardCampaignQuests.cpp,TASK-087/090 knowledge; TASK-100 legal completion; TASK-095--099 presentation,NOT_RUN_NORMAL_INPUT
side,side_02,/campaign/quests/9,"[1170, 350]",NOT_FROZEN,,落脚后营地线索或现场接触，可越过日志直接救援,"以下全部人物已入营：rescued_04, rescued_05",reward:side_02,Source/Hearthward/Campaign/HearthwardCampaignQuests.cpp,TASK-087/090 knowledge; TASK-100 legal completion; TASK-095--099 presentation,NOT_RUN_NORMAL_INPUT
side,side_03,/campaign/quests/10,"[930, 550]",NOT_FROZEN,,落脚后营地线索或现场接触，可越过日志直接救援,"以下全部人物已入营：rescued_06, rescued_07",reward:side_03,Source/Hearthward/Campaign/HearthwardCampaignQuests.cpp,TASK-087/090 knowledge; TASK-100 legal completion; TASK-095--099 presentation,NOT_RUN_NORMAL_INPUT
side,side_04,/campaign/quests/11,"[1170, 550]",NOT_FROZEN,,落脚后营地线索或现场接触，可越过日志直接救援,"以下全部人物已入营：rescued_08, rescued_09, rescued_10",reward:side_04,Source/Hearthward/Campaign/HearthwardCampaignQuests.cpp,TASK-087/090 knowledge; TASK-100 legal completion; TASK-095--099 presentation,NOT_RUN_NORMAL_INPUT
side,side_05,/campaign/quests/12,"[930, 550]",NOT_FROZEN,,在住区旧猎屋读到图纸线索,图纸知识已学会或本次成功授予,reward:side_05,Source/Hearthward/Campaign/HearthwardCampaignQuests.cpp,TASK-087/090 knowledge; TASK-100 legal completion; TASK-095--099 presentation,NOT_RUN_NORMAL_INPUT
side,side_06,/campaign/quests/13,"[-260, -800]",NOT_FROZEN,,勘察旧路矿点或营地工匠提示,delivery:side_06提交6矿,reward:side_06,Source/Hearthward/Campaign/HearthwardCampaignQuests.cpp,TASK-087/090 knowledge; TASK-100 legal completion; TASK-095--099 presentation,NOT_RUN_NORMAL_INPUT
side,side_07,/campaign/quests/14,"[525, -1120]",NOT_FROZEN,,抵达渡口标识,travel_ford已激活,reward:side_07,Source/Hearthward/Campaign/HearthwardCampaignQuests.cpp,TASK-087/090 knowledge; TASK-100 legal completion; TASK-095--099 presentation,NOT_RUN_NORMAL_INPUT
side,side_08,/campaign/quests/15,"[980, -600]",NOT_FROZEN,,在岔路读取山脊标记,survey:side_08事实,reward:side_08,Source/Hearthward/Campaign/HearthwardCampaignQuests.cpp,TASK-087/090 knowledge; TASK-100 legal completion; TASK-095--099 presentation,NOT_RUN_NORMAL_INPUT
side,side_09,/campaign/quests/16,"[-980, -750]",NOT_FROZEN,,营地救护职责NPC请求,delivery:side_09提交6草药,reward:side_09,Source/Hearthward/Campaign/HearthwardCampaignQuests.cpp,TASK-087/090 knowledge; TASK-100 legal completion; TASK-095--099 presentation,NOT_RUN_NORMAL_INPUT
side,side_10,/campaign/quests/17,"[955, 370]",NOT_FROZEN,,河门旧屋线索,placed:old_carving事实,reward:side_10,Source/Hearthward/Campaign/HearthwardCampaignQuests.cpp,TASK-087/090 knowledge; TASK-100 legal completion; TASK-095--099 presentation,NOT_RUN_NORMAL_INPUT
side,side_11,/campaign/quests/18,"[-980, -750]",NOT_FROZEN,,营地种植职责NPC提示,harvest:side_11真实收获事件,reward:side_11,Source/Hearthward/Campaign/HearthwardCampaignQuests.cpp,TASK-087/090 knowledge; TASK-100 legal completion; TASK-095--099 presentation,NOT_RUN_NORMAL_INPUT
side,side_12,/campaign/quests/19,"[1195, 370]",NOT_FROZEN,,发现作坊的旧料箱,工坊旧料箱已打开且锻造设施已访问,reward:side_12,Source/Hearthward/Campaign/HearthwardCampaignQuests.cpp,TASK-087/090 knowledge; TASK-100 legal completion; TASK-095--099 presentation,NOT_RUN_NORMAL_INPUT
side,side_13,/campaign/quests/20,"[955, 570]",NOT_FROZEN,,发现住区的家信,delivered:family_letter事实,reward:side_13,Source/Hearthward/Campaign/HearthwardCampaignQuests.cpp,TASK-087/090 knowledge; TASK-100 legal completion; TASK-095--099 presentation,NOT_RUN_NORMAL_INPUT
side,side_14,/campaign/quests/21,"[1195, 570]",NOT_FROZEN,,抵达议场外围即可获得线索,copied:watch_record事实,reward:side_14,Source/Hearthward/Campaign/HearthwardCampaignQuests.cpp,TASK-087/090 knowledge; TASK-100 legal completion; TASK-095--099 presentation,NOT_RUN_NORMAL_INPUT
side,side_15,/campaign/quests/22,"[-980, -750]",NOT_FROZEN,,营地口粮页提供一次性目标,捐赠至少10点并有本时间线真实用餐事件,reward:side_15,Source/Hearthward/Campaign/HearthwardCampaignQuests.cpp,TASK-087/090 knowledge; TASK-100 legal completion; TASK-095--099 presentation,NOT_RUN_NORMAL_INPUT
zone,river_gate,/campaign/zones/0,"[1000, 400]",NOT_FROZEN,,Existing clear/occupied + E at loc_ then 5 active seconds,Persistent zone ID in Flags,,Source/Hearthward/Campaign/HearthwardCampaignWorld.cpp#RefreshActors; Source/Hearthward/Campaign/HearthwardCampaignInteraction.cpp#Use(loc_),TASK-100 zone sample; TASK-092 clearance; TASK-095--099 art,NOT_RUN_NORMAL_INPUT
zone,workshops,/campaign/zones/1,"[1170, 350]",NOT_FROZEN,,Existing clear/occupied + E at loc_ then 5 active seconds,Persistent zone ID in Flags,,Source/Hearthward/Campaign/HearthwardCampaignWorld.cpp#RefreshActors; Source/Hearthward/Campaign/HearthwardCampaignInteraction.cpp#Use(loc_),TASK-100 zone sample; TASK-092 clearance; TASK-095--099 art,NOT_RUN_NORMAL_INPUT
zone,dwellings,/campaign/zones/2,"[930, 550]",NOT_FROZEN,,Existing clear/occupied + E at loc_ then 5 active seconds,Persistent zone ID in Flags,,Source/Hearthward/Campaign/HearthwardCampaignWorld.cpp#RefreshActors; Source/Hearthward/Campaign/HearthwardCampaignInteraction.cpp#Use(loc_),TASK-100 zone sample; TASK-092 clearance; TASK-095--099 art,NOT_RUN_NORMAL_INPUT
zone,assembly,/campaign/zones/3,"[1170, 550]",NOT_FROZEN,,Existing clear/occupied + E at loc_ then 5 active seconds,Persistent zone ID in Flags,,Source/Hearthward/Campaign/HearthwardCampaignWorld.cpp#RefreshActors; Source/Hearthward/Campaign/HearthwardCampaignInteraction.cpp#Use(loc_),TASK-100 zone sample; TASK-092 clearance; TASK-095--099 art,NOT_RUN_NORMAL_INPUT
base_enemy,home_river_gate_01,/campaign/enemies/0,"[980, 380]",NOT_FROZEN,,Actual perception/patrol,"Combat.Health<=0, including lethal and nonlethal execution",defeat:home_river_gate_01:1,Source/Hearthward/Campaign/HearthwardCampaignState.cpp#Enemy/Initialize/Total/Cleared,TASK-095 enemy silhouette; TASK-100 legitimate combat,NOT_RUN_NORMAL_INPUT
base_enemy,home_river_gate_02,/campaign/enemies/1,"[1020, 400]",NOT_FROZEN,,Actual perception/patrol,"Combat.Health<=0, including lethal and nonlethal execution",defeat:home_river_gate_02:1,Source/Hearthward/Campaign/HearthwardCampaignState.cpp#Enemy/Initialize/Total/Cleared,TASK-095 enemy silhouette; TASK-100 legitimate combat,NOT_RUN_NORMAL_INPUT
base_enemy,home_river_gate_03,/campaign/enemies/2,"[980, 415]",NOT_FROZEN,,Actual perception/patrol,"Combat.Health<=0, including lethal and nonlethal execution",defeat:home_river_gate_03:1,Source/Hearthward/Campaign/HearthwardCampaignState.cpp#Enemy/Initialize/Total/Cleared,TASK-095 enemy silhouette; TASK-100 legitimate combat,NOT_RUN_NORMAL_INPUT
base_enemy,home_river_gate_04,/campaign/enemies/3,"[1020, 435]",NOT_FROZEN,,Actual perception/patrol,"Combat.Health<=0, including lethal and nonlethal execution",defeat:home_river_gate_04:1,Source/Hearthward/Campaign/HearthwardCampaignState.cpp#Enemy/Initialize/Total/Cleared,TASK-095 enemy silhouette; TASK-100 legitimate combat,NOT_RUN_NORMAL_INPUT
base_enemy,home_river_gate_05,/campaign/enemies/4,"[971, 383]",NOT_FROZEN,,Actual perception/patrol,"Combat.Health<=0, including lethal and nonlethal execution",defeat:home_river_gate_05:1,Source/Hearthward/Campaign/HearthwardCampaignState.cpp#Enemy/Initialize/Total/Cleared,TASK-095 enemy silhouette; TASK-100 legitimate combat,NOT_RUN_NORMAL_INPUT
base_enemy,home_river_gate_06,/campaign/enemies/5,"[993, 383]",NOT_FROZEN,,Actual perception/patrol,"Combat.Health<=0, including lethal and nonlethal execution",defeat:home_river_gate_06:1,Source/Hearthward/Campaign/HearthwardCampaignState.cpp#Enemy/Initialize/Total/Cleared,TASK-095 enemy silhouette; TASK-100 legitimate combat,NOT_RUN_NORMAL_INPUT
base_enemy,home_river_gate_07,/campaign/enemies/6,"[1011, 383]",NOT_FROZEN,,Actual perception/patrol,"Combat.Health<=0, including lethal and nonlethal execution",defeat:home_river_gate_07:1,Source/Hearthward/Campaign/HearthwardCampaignState.cpp#Enemy/Initialize/Total/Cleared,TASK-095 enemy silhouette; TASK-100 legitimate combat,NOT_RUN_NORMAL_INPUT
base_enemy,home_river_gate_08,/campaign/enemies/7,"[1029, 383]",NOT_FROZEN,,Actual perception/patrol,"Combat.Health<=0, including lethal and nonlethal execution",defeat:home_river_gate_08:1,Source/Hearthward/Campaign/HearthwardCampaignState.cpp#Enemy/Initialize/Total/Cleared,TASK-095 enemy silhouette; TASK-100 legitimate combat,NOT_RUN_NORMAL_INPUT
base_enemy,home_river_gate_09,/campaign/enemies/8,"[975, 401]",NOT_FROZEN,,Actual perception/patrol,"Combat.Health<=0, including lethal and nonlethal execution",defeat:home_river_gate_09:1,Source/Hearthward/Campaign/HearthwardCampaignState.cpp#Enemy/Initialize/Total/Cleared,TASK-095 enemy silhouette; TASK-100 legitimate combat,NOT_RUN_NORMAL_INPUT
base_enemy,home_river_gate_10,/campaign/enemies/9,"[993, 401]",NOT_FROZEN,,Actual perception/patrol,"Combat.Health<=0, including lethal and nonlethal execution",defeat:home_river_gate_10:1,Source/Hearthward/Campaign/HearthwardCampaignState.cpp#Enemy/Initialize/Total/Cleared,TASK-095 enemy silhouette; TASK-100 legitimate combat,NOT_RUN_NORMAL_INPUT
base_enemy,home_river_gate_11,/campaign/enemies/10,"[1011, 401]",NOT_FROZEN,,Actual perception/patrol,"Combat.Health<=0, including lethal and nonlethal execution",defeat:home_river_gate_11:1,Source/Hearthward/Campaign/HearthwardCampaignState.cpp#Enemy/Initialize/Total/Cleared,TASK-095 enemy silhouette; TASK-100 legitimate combat,NOT_RUN_NORMAL_INPUT
base_enemy,home_river_gate_12,/campaign/enemies/11,"[1029, 401]",NOT_FROZEN,,Actual perception/patrol,"Combat.Health<=0, including lethal and nonlethal execution",defeat:home_river_gate_12:1,Source/Hearthward/Campaign/HearthwardCampaignState.cpp#Enemy/Initialize/Total/Cleared,TASK-095 enemy silhouette; TASK-100 legitimate combat,NOT_RUN_NORMAL_INPUT
base_enemy,home_river_gate_13,/campaign/enemies/12,"[971, 419]",NOT_FROZEN,,Actual perception/patrol,"Combat.Health<=0, including lethal and nonlethal execution",defeat:home_river_gate_13:1,Source/Hearthward/Campaign/HearthwardCampaignState.cpp#Enemy/Initialize/Total/Cleared,TASK-095 enemy silhouette; TASK-100 legitimate combat,NOT_RUN_NORMAL_INPUT
base_enemy,home_river_gate_14,/campaign/enemies/13,"[993, 419]",NOT_FROZEN,,Actual perception/patrol,"Combat.Health<=0, including lethal and nonlethal execution",defeat:home_river_gate_14:1,Source/Hearthward/Campaign/HearthwardCampaignState.cpp#Enemy/Initialize/Total/Cleared,TASK-095 enemy silhouette; TASK-100 legitimate combat,NOT_RUN_NORMAL_INPUT
base_enemy,home_river_gate_15,/campaign/enemies/14,"[1011, 419]",NOT_FROZEN,,Actual perception/patrol,"Combat.Health<=0, including lethal and nonlethal execution",defeat:home_river_gate_15:1,Source/Hearthward/Campaign/HearthwardCampaignState.cpp#Enemy/Initialize/Total/Cleared,TASK-095 enemy silhouette; TASK-100 legitimate combat,NOT_RUN_NORMAL_INPUT
base_enemy,home_river_gate_16,/campaign/enemies/15,"[1029, 419]",NOT_FROZEN,,Actual perception/patrol,"Combat.Health<=0, including lethal and nonlethal execution",defeat:home_river_gate_16:1,Source/Hearthward/Campaign/HearthwardCampaignState.cpp#Enemy/Initialize/Total/Cleared,TASK-095 enemy silhouette; TASK-100 legitimate combat,NOT_RUN_NORMAL_INPUT
base_enemy,home_workshops_01,/campaign/enemies/16,"[1090, 285]",NOT_FROZEN,,Actual perception/patrol,"Combat.Health<=0, including lethal and nonlethal execution",defeat:home_workshops_01:1,Source/Hearthward/Campaign/HearthwardCampaignState.cpp#Enemy/Initialize/Total/Cleared,TASK-095 enemy silhouette; TASK-100 legitimate combat,NOT_RUN_NORMAL_INPUT
base_enemy,home_workshops_02,/campaign/enemies/17,"[1190, 325]",NOT_FROZEN,,Actual perception/patrol,"Combat.Health<=0, including lethal and nonlethal execution",defeat:home_workshops_02:1,Source/Hearthward/Campaign/HearthwardCampaignState.cpp#Enemy/Initialize/Total/Cleared,TASK-095 enemy silhouette; TASK-100 legitimate combat,NOT_RUN_NORMAL_INPUT
base_enemy,home_workshops_03,/campaign/enemies/18,"[1090, 385]",NOT_FROZEN,,Actual perception/patrol,"Combat.Health<=0, including lethal and nonlethal execution",defeat:home_workshops_03:1,Source/Hearthward/Campaign/HearthwardCampaignState.cpp#Enemy/Initialize/Total/Cleared,TASK-095 enemy silhouette; TASK-100 legitimate combat,NOT_RUN_NORMAL_INPUT
base_enemy,home_workshops_04,/campaign/enemies/19,"[1190, 425]",NOT_FROZEN,,Actual perception/patrol,"Combat.Health<=0, including lethal and nonlethal execution",defeat:home_workshops_04:1,Source/Hearthward/Campaign/HearthwardCampaignState.cpp#Enemy/Initialize/Total/Cleared,TASK-095 enemy silhouette; TASK-100 legitimate combat,NOT_RUN_NORMAL_INPUT
base_enemy,home_workshops_05,/campaign/enemies/20,"[1216, 295]",NOT_FROZEN,,Actual perception/patrol,"Combat.Health<=0, including lethal and nonlethal execution",defeat:home_workshops_05:1,Source/Hearthward/Campaign/HearthwardCampaignState.cpp#Enemy/Initialize/Total/Cleared,TASK-095 enemy silhouette; TASK-100 legitimate combat,NOT_RUN_NORMAL_INPUT
base_enemy,home_workshops_06,/campaign/enemies/21,"[1250, 295]",NOT_FROZEN,,Actual perception/patrol,"Combat.Health<=0, including lethal and nonlethal execution",defeat:home_workshops_06:1,Source/Hearthward/Campaign/HearthwardCampaignState.cpp#Enemy/Initialize/Total/Cleared,TASK-095 enemy silhouette; TASK-100 legitimate combat,NOT_RUN_NORMAL_INPUT
base_enemy,home_workshops_07,/campaign/enemies/22,"[1080, 327]",NOT_FROZEN,,Actual perception/patrol,"Combat.Health<=0, including lethal and nonlethal execution",defeat:home_workshops_07:1,Source/Hearthward/Campaign/HearthwardCampaignState.cpp#Enemy/Initialize/Total/Cleared,TASK-095 enemy silhouette; TASK-100 legitimate combat,NOT_RUN_NORMAL_INPUT
base_enemy,home_workshops_08,/campaign/enemies/23,"[1114, 327]",NOT_FROZEN,,Actual perception/patrol,"Combat.Health<=0, including lethal and nonlethal execution",defeat:home_workshops_08:1,Source/Hearthward/Campaign/HearthwardCampaignState.cpp#Enemy/Initialize/Total/Cleared,TASK-095 enemy silhouette; TASK-100 legitimate combat,NOT_RUN_NORMAL_INPUT
base_enemy,home_workshops_09,/campaign/enemies/24,"[1148, 327]",NOT_FROZEN,,Actual perception/patrol,"Combat.Health<=0, including lethal and nonlethal execution",defeat:home_workshops_09:1,Source/Hearthward/Campaign/HearthwardCampaignState.cpp#Enemy/Initialize/Total/Cleared,TASK-095 enemy silhouette; TASK-100 legitimate combat,NOT_RUN_NORMAL_INPUT
base_enemy,home_workshops_10,/campaign/enemies/25,"[1178, 327]",NOT_FROZEN,,Actual perception/patrol,"Combat.Health<=0, including lethal and nonlethal execution",defeat:home_workshops_10:1,Source/Hearthward/Campaign/HearthwardCampaignState.cpp#Enemy/Initialize/Total/Cleared,TASK-095 enemy silhouette; TASK-100 legitimate combat,NOT_RUN_NORMAL_INPUT
base_enemy,home_workshops_11,/campaign/enemies/26,"[1212, 327]",NOT_FROZEN,,Actual perception/patrol,"Combat.Health<=0, including lethal and nonlethal execution",defeat:home_workshops_11:1,Source/Hearthward/Campaign/HearthwardCampaignState.cpp#Enemy/Initialize/Total/Cleared,TASK-095 enemy silhouette; TASK-100 legitimate combat,NOT_RUN_NORMAL_INPUT
base_enemy,home_workshops_12,/campaign/enemies/27,"[1258, 327]",NOT_FROZEN,,Actual perception/patrol,"Combat.Health<=0, including lethal and nonlethal execution",defeat:home_workshops_12:1,Source/Hearthward/Campaign/HearthwardCampaignState.cpp#Enemy/Initialize/Total/Cleared,TASK-095 enemy silhouette; TASK-100 legitimate combat,NOT_RUN_NORMAL_INPUT
base_enemy,home_workshops_13,/campaign/enemies/28,"[1080, 359]",NOT_FROZEN,,Actual perception/patrol,"Combat.Health<=0, including lethal and nonlethal execution",defeat:home_workshops_13:1,Source/Hearthward/Campaign/HearthwardCampaignState.cpp#Enemy/Initialize/Total/Cleared,TASK-095 enemy silhouette; TASK-100 legitimate combat,NOT_RUN_NORMAL_INPUT
base_enemy,home_workshops_14,/campaign/enemies/29,"[1114, 359]",NOT_FROZEN,,Actual perception/patrol,"Combat.Health<=0, including lethal and nonlethal execution",defeat:home_workshops_14:1,Source/Hearthward/Campaign/HearthwardCampaignState.cpp#Enemy/Initialize/Total/Cleared,TASK-095 enemy silhouette; TASK-100 legitimate combat,NOT_RUN_NORMAL_INPUT
base_enemy,home_workshops_15,/campaign/enemies/30,"[1148, 359]",NOT_FROZEN,,Actual perception/patrol,"Combat.Health<=0, including lethal and nonlethal execution",defeat:home_workshops_15:1,Source/Hearthward/Campaign/HearthwardCampaignState.cpp#Enemy/Initialize/Total/Cleared,TASK-095 enemy silhouette; TASK-100 legitimate combat,NOT_RUN_NORMAL_INPUT
base_enemy,home_workshops_16,/campaign/enemies/31,"[1182, 359]",NOT_FROZEN,,Actual perception/patrol,"Combat.Health<=0, including lethal and nonlethal execution",defeat:home_workshops_16:1,Source/Hearthward/Campaign/HearthwardCampaignState.cpp#Enemy/Initialize/Total/Cleared,TASK-095 enemy silhouette; TASK-100 legitimate combat,NOT_RUN_NORMAL_INPUT
base_enemy,home_workshops_17,/campaign/enemies/32,"[1216, 359]",NOT_FROZEN,,Actual perception/patrol,"Combat.Health<=0, including lethal and nonlethal execution",defeat:home_workshops_17:1,Source/Hearthward/Campaign/HearthwardCampaignState.cpp#Enemy/Initialize/Total/Cleared,TASK-095 enemy silhouette; TASK-100 legitimate combat,NOT_RUN_NORMAL_INPUT
base_enemy,home_workshops_18,/campaign/enemies/33,"[1262, 375]",NOT_FROZEN,,Actual perception/patrol,"Combat.Health<=0, including lethal and nonlethal execution",defeat:home_workshops_18:1,Source/Hearthward/Campaign/HearthwardCampaignState.cpp#Enemy/Initialize/Total/Cleared,TASK-095 enemy silhouette; TASK-100 legitimate combat,NOT_RUN_NORMAL_INPUT
base_enemy,home_workshops_19,/campaign/enemies/34,"[1080, 391]",NOT_FROZEN,,Actual perception/patrol,"Combat.Health<=0, including lethal and nonlethal execution",defeat:home_workshops_19:1,Source/Hearthward/Campaign/HearthwardCampaignState.cpp#Enemy/Initialize/Total/Cleared,TASK-095 enemy silhouette; TASK-100 legitimate combat,NOT_RUN_NORMAL_INPUT
base_enemy,home_workshops_20,/campaign/enemies/35,"[1114, 391]",NOT_FROZEN,,Actual perception/patrol,"Combat.Health<=0, including lethal and nonlethal execution",defeat:home_workshops_20:1,Source/Hearthward/Campaign/HearthwardCampaignState.cpp#Enemy/Initialize/Total/Cleared,TASK-095 enemy silhouette; TASK-100 legitimate combat,NOT_RUN_NORMAL_INPUT
base_enemy,home_dwellings_01,/campaign/enemies/36,"[920, 520]",NOT_FROZEN,,Actual perception/patrol,"Combat.Health<=0, including lethal and nonlethal execution",defeat:home_dwellings_01:1,Source/Hearthward/Campaign/HearthwardCampaignState.cpp#Enemy/Initialize/Total/Cleared,TASK-095 enemy silhouette; TASK-100 legitimate combat,NOT_RUN_NORMAL_INPUT
base_enemy,home_dwellings_02,/campaign/enemies/37,"[960, 545]",NOT_FROZEN,,Actual perception/patrol,"Combat.Health<=0, including lethal and nonlethal execution",defeat:home_dwellings_02:1,Source/Hearthward/Campaign/HearthwardCampaignState.cpp#Enemy/Initialize/Total/Cleared,TASK-095 enemy silhouette; TASK-100 legitimate combat,NOT_RUN_NORMAL_INPUT
base_enemy,home_dwellings_03,/campaign/enemies/38,"[925, 585]",NOT_FROZEN,,Actual perception/patrol,"Combat.Health<=0, including lethal and nonlethal execution",defeat:home_dwellings_03:1,Source/Hearthward/Campaign/HearthwardCampaignState.cpp#Enemy/Initialize/Total/Cleared,TASK-095 enemy silhouette; TASK-100 legitimate combat,NOT_RUN_NORMAL_INPUT
base_enemy,home_dwellings_04,/campaign/enemies/39,"[960, 620]",NOT_FROZEN,,Actual perception/patrol,"Combat.Health<=0, including lethal and nonlethal execution",defeat:home_dwellings_04:1,Source/Hearthward/Campaign/HearthwardCampaignState.cpp#Enemy/Initialize/Total/Cleared,TASK-095 enemy silhouette; TASK-100 legitimate combat,NOT_RUN_NORMAL_INPUT
base_enemy,home_dwellings_05,/campaign/enemies/40,"[1012, 475]",NOT_FROZEN,,Actual perception/patrol,"Combat.Health<=0, including lethal and nonlethal execution",defeat:home_dwellings_05:1,Source/Hearthward/Campaign/HearthwardCampaignState.cpp#Enemy/Initialize/Total/Cleared,TASK-095 enemy silhouette; TASK-100 legitimate combat,NOT_RUN_NORMAL_INPUT
base_enemy,home_dwellings_06,/campaign/enemies/41,"[920, 511]",NOT_FROZEN,,Actual perception/patrol,"Combat.Health<=0, including lethal and nonlethal execution",defeat:home_dwellings_06:1,Source/Hearthward/Campaign/HearthwardCampaignState.cpp#Enemy/Initialize/Total/Cleared,TASK-095 enemy silhouette; TASK-100 legitimate combat,NOT_RUN_NORMAL_INPUT
base_enemy,home_dwellings_07,/campaign/enemies/42,"[943, 511]",NOT_FROZEN,,Actual perception/patrol,"Combat.Health<=0, including lethal and nonlethal execution",defeat:home_dwellings_07:1,Source/Hearthward/Campaign/HearthwardCampaignState.cpp#Enemy/Initialize/Total/Cleared,TASK-095 enemy silhouette; TASK-100 legitimate combat,NOT_RUN_NORMAL_INPUT
base_enemy,home_dwellings_08,/campaign/enemies/43,"[966, 511]",NOT_FROZEN,,Actual perception/patrol,"Combat.Health<=0, including lethal and nonlethal execution",defeat:home_dwellings_08:1,Source/Hearthward/Campaign/HearthwardCampaignState.cpp#Enemy/Initialize/Total/Cleared,TASK-095 enemy silhouette; TASK-100 legitimate combat,NOT_RUN_NORMAL_INPUT
base_enemy,home_dwellings_09,/campaign/enemies/44,"[989, 511]",NOT_FROZEN,,Actual perception/patrol,"Combat.Health<=0, including lethal and nonlethal execution",defeat:home_dwellings_09:1,Source/Hearthward/Campaign/HearthwardCampaignState.cpp#Enemy/Initialize/Total/Cleared,TASK-095 enemy silhouette; TASK-100 legitimate combat,NOT_RUN_NORMAL_INPUT
base_enemy,home_dwellings_10,/campaign/enemies/45,"[1012, 511]",NOT_FROZEN,,Actual perception/patrol,"Combat.Health<=0, including lethal and nonlethal execution",defeat:home_dwellings_10:1,Source/Hearthward/Campaign/HearthwardCampaignState.cpp#Enemy/Initialize/Total/Cleared,TASK-095 enemy silhouette; TASK-100 legitimate combat,NOT_RUN_NORMAL_INPUT
base_enemy,home_dwellings_11,/campaign/enemies/46,"[920, 547]",NOT_FROZEN,,Actual perception/patrol,"Combat.Health<=0, including lethal and nonlethal execution",defeat:home_dwellings_11:1,Source/Hearthward/Campaign/HearthwardCampaignState.cpp#Enemy/Initialize/Total/Cleared,TASK-095 enemy silhouette; TASK-100 legitimate combat,NOT_RUN_NORMAL_INPUT
base_enemy,home_dwellings_12,/campaign/enemies/47,"[943, 547]",NOT_FROZEN,,Actual perception/patrol,"Combat.Health<=0, including lethal and nonlethal execution",defeat:home_dwellings_12:1,Source/Hearthward/Campaign/HearthwardCampaignState.cpp#Enemy/Initialize/Total/Cleared,TASK-095 enemy silhouette; TASK-100 legitimate combat,NOT_RUN_NORMAL_INPUT
base_enemy,home_dwellings_13,/campaign/enemies/48,"[970, 547]",NOT_FROZEN,,Actual perception/patrol,"Combat.Health<=0, including lethal and nonlethal execution",defeat:home_dwellings_13:1,Source/Hearthward/Campaign/HearthwardCampaignState.cpp#Enemy/Initialize/Total/Cleared,TASK-095 enemy silhouette; TASK-100 legitimate combat,NOT_RUN_NORMAL_INPUT
base_enemy,home_dwellings_14,/campaign/enemies/49,"[989, 547]",NOT_FROZEN,,Actual perception/patrol,"Combat.Health<=0, including lethal and nonlethal execution",defeat:home_dwellings_14:1,Source/Hearthward/Campaign/HearthwardCampaignState.cpp#Enemy/Initialize/Total/Cleared,TASK-095 enemy silhouette; TASK-100 legitimate combat,NOT_RUN_NORMAL_INPUT
base_enemy,home_dwellings_15,/campaign/enemies/50,"[1012, 547]",NOT_FROZEN,,Actual perception/patrol,"Combat.Health<=0, including lethal and nonlethal execution",defeat:home_dwellings_15:1,Source/Hearthward/Campaign/HearthwardCampaignState.cpp#Enemy/Initialize/Total/Cleared,TASK-095 enemy silhouette; TASK-100 legitimate combat,NOT_RUN_NORMAL_INPUT
base_enemy,home_dwellings_16,/campaign/enemies/51,"[916, 583]",NOT_FROZEN,,Actual perception/patrol,"Combat.Health<=0, including lethal and nonlethal execution",defeat:home_dwellings_16:1,Source/Hearthward/Campaign/HearthwardCampaignState.cpp#Enemy/Initialize/Total/Cleared,TASK-095 enemy silhouette; TASK-100 legitimate combat,NOT_RUN_NORMAL_INPUT
base_enemy,home_dwellings_17,/campaign/enemies/52,"[943, 583]",NOT_FROZEN,,Actual perception/patrol,"Combat.Health<=0, including lethal and nonlethal execution",defeat:home_dwellings_17:1,Source/Hearthward/Campaign/HearthwardCampaignState.cpp#Enemy/Initialize/Total/Cleared,TASK-095 enemy silhouette; TASK-100 legitimate combat,NOT_RUN_NORMAL_INPUT
base_enemy,home_dwellings_18,/campaign/enemies/53,"[966, 583]",NOT_FROZEN,,Actual perception/patrol,"Combat.Health<=0, including lethal and nonlethal execution",defeat:home_dwellings_18:1,Source/Hearthward/Campaign/HearthwardCampaignState.cpp#Enemy/Initialize/Total/Cleared,TASK-095 enemy silhouette; TASK-100 legitimate combat,NOT_RUN_NORMAL_INPUT
base_enemy,home_dwellings_19,/campaign/enemies/54,"[989, 583]",NOT_FROZEN,,Actual perception/patrol,"Combat.Health<=0, including lethal and nonlethal execution",defeat:home_dwellings_19:1,Source/Hearthward/Campaign/HearthwardCampaignState.cpp#Enemy/Initialize/Total/Cleared,TASK-095 enemy silhouette; TASK-100 legitimate combat,NOT_RUN_NORMAL_INPUT
base_enemy,home_dwellings_20,/campaign/enemies/55,"[1012, 583]",NOT_FROZEN,,Actual perception/patrol,"Combat.Health<=0, including lethal and nonlethal execution",defeat:home_dwellings_20:1,Source/Hearthward/Campaign/HearthwardCampaignState.cpp#Enemy/Initialize/Total/Cleared,TASK-095 enemy silhouette; TASK-100 legitimate combat,NOT_RUN_NORMAL_INPUT
base_enemy,home_assembly_01,/campaign/enemies/56,"[1090, 485]",NOT_FROZEN,,Actual perception/patrol,"Combat.Health<=0, including lethal and nonlethal execution",defeat:home_assembly_01:1,Source/Hearthward/Campaign/HearthwardCampaignState.cpp#Enemy/Initialize/Total/Cleared,TASK-095 enemy silhouette; TASK-100 legitimate combat,NOT_RUN_NORMAL_INPUT
base_enemy,home_assembly_02,/campaign/enemies/57,"[1190, 525]",NOT_FROZEN,,Actual perception/patrol,"Combat.Health<=0, including lethal and nonlethal execution",defeat:home_assembly_02:1,Source/Hearthward/Campaign/HearthwardCampaignState.cpp#Enemy/Initialize/Total/Cleared,TASK-095 enemy silhouette; TASK-100 legitimate combat,NOT_RUN_NORMAL_INPUT
base_enemy,home_assembly_03,/campaign/enemies/58,"[1090, 585]",NOT_FROZEN,,Actual perception/patrol,"Combat.Health<=0, including lethal and nonlethal execution",defeat:home_assembly_03:1,Source/Hearthward/Campaign/HearthwardCampaignState.cpp#Enemy/Initialize/Total/Cleared,TASK-095 enemy silhouette; TASK-100 legitimate combat,NOT_RUN_NORMAL_INPUT
base_enemy,home_assembly_04,/campaign/enemies/59,"[1190, 625]",NOT_FROZEN,,Actual perception/patrol,"Combat.Health<=0, including lethal and nonlethal execution",defeat:home_assembly_04:1,Source/Hearthward/Campaign/HearthwardCampaignState.cpp#Enemy/Initialize/Total/Cleared,TASK-095 enemy silhouette; TASK-100 legitimate combat,NOT_RUN_NORMAL_INPUT
base_enemy,home_assembly_05,/campaign/enemies/60,"[1216, 495]",NOT_FROZEN,,Actual perception/patrol,"Combat.Health<=0, including lethal and nonlethal execution",defeat:home_assembly_05:1,Source/Hearthward/Campaign/HearthwardCampaignState.cpp#Enemy/Initialize/Total/Cleared,TASK-095 enemy silhouette; TASK-100 legitimate combat,NOT_RUN_NORMAL_INPUT
base_enemy,home_assembly_06,/campaign/enemies/61,"[1250, 495]",NOT_FROZEN,,Actual perception/patrol,"Combat.Health<=0, including lethal and nonlethal execution",defeat:home_assembly_06:1,Source/Hearthward/Campaign/HearthwardCampaignState.cpp#Enemy/Initialize/Total/Cleared,TASK-095 enemy silhouette; TASK-100 legitimate combat,NOT_RUN_NORMAL_INPUT
base_enemy,home_assembly_07,/campaign/enemies/62,"[1080, 527]",NOT_FROZEN,,Actual perception/patrol,"Combat.Health<=0, including lethal and nonlethal execution",defeat:home_assembly_07:1,Source/Hearthward/Campaign/HearthwardCampaignState.cpp#Enemy/Initialize/Total/Cleared,TASK-095 enemy silhouette; TASK-100 legitimate combat,NOT_RUN_NORMAL_INPUT
base_enemy,home_assembly_08,/campaign/enemies/63,"[1114, 527]",NOT_FROZEN,,Actual perception/patrol,"Combat.Health<=0, including lethal and nonlethal execution",defeat:home_assembly_08:1,Source/Hearthward/Campaign/HearthwardCampaignState.cpp#Enemy/Initialize/Total/Cleared,TASK-095 enemy silhouette; TASK-100 legitimate combat,NOT_RUN_NORMAL_INPUT
base_enemy,home_assembly_09,/campaign/enemies/64,"[1148, 527]",NOT_FROZEN,,Actual perception/patrol,"Combat.Health<=0, including lethal and nonlethal execution",defeat:home_assembly_09:1,Source/Hearthward/Campaign/HearthwardCampaignState.cpp#Enemy/Initialize/Total/Cleared,TASK-095 enemy silhouette; TASK-100 legitimate combat,NOT_RUN_NORMAL_INPUT
base_enemy,home_assembly_10,/campaign/enemies/65,"[1178, 527]",NOT_FROZEN,,Actual perception/patrol,"Combat.Health<=0, including lethal and nonlethal execution",defeat:home_assembly_10:1,Source/Hearthward/Campaign/HearthwardCampaignState.cpp#Enemy/Initialize/Total/Cleared,TASK-095 enemy silhouette; TASK-100 legitimate combat,NOT_RUN_NORMAL_INPUT
base_enemy,home_assembly_11,/campaign/enemies/66,"[1216, 527]",NOT_FROZEN,,Actual perception/patrol,"Combat.Health<=0, including lethal and nonlethal execution",defeat:home_assembly_11:1,Source/Hearthward/Campaign/HearthwardCampaignState.cpp#Enemy/Initialize/Total/Cleared,TASK-095 enemy silhouette; TASK-100 legitimate combat,NOT_RUN_NORMAL_INPUT
base_enemy,home_assembly_12,/campaign/enemies/67,"[1250, 527]",NOT_FROZEN,,Actual perception/patrol,"Combat.Health<=0, including lethal and nonlethal execution",defeat:home_assembly_12:1,Source/Hearthward/Campaign/HearthwardCampaignState.cpp#Enemy/Initialize/Total/Cleared,TASK-095 enemy silhouette; TASK-100 legitimate combat,NOT_RUN_NORMAL_INPUT
base_enemy,home_assembly_13,/campaign/enemies/68,"[1080, 559]",NOT_FROZEN,,Actual perception/patrol,"Combat.Health<=0, including lethal and nonlethal execution",defeat:home_assembly_13:1,Source/Hearthward/Campaign/HearthwardCampaignState.cpp#Enemy/Initialize/Total/Cleared,TASK-095 enemy silhouette; TASK-100 legitimate combat,NOT_RUN_NORMAL_INPUT
base_enemy,home_assembly_14,/campaign/enemies/69,"[1114, 559]",NOT_FROZEN,,Actual perception/patrol,"Combat.Health<=0, including lethal and nonlethal execution",defeat:home_assembly_14:1,Source/Hearthward/Campaign/HearthwardCampaignState.cpp#Enemy/Initialize/Total/Cleared,TASK-095 enemy silhouette; TASK-100 legitimate combat,NOT_RUN_NORMAL_INPUT
base_enemy,home_assembly_15,/campaign/enemies/70,"[1148, 559]",NOT_FROZEN,,Actual perception/patrol,"Combat.Health<=0, including lethal and nonlethal execution",defeat:home_assembly_15:1,Source/Hearthward/Campaign/HearthwardCampaignState.cpp#Enemy/Initialize/Total/Cleared,TASK-095 enemy silhouette; TASK-100 legitimate combat,NOT_RUN_NORMAL_INPUT
base_enemy,home_assembly_16,/campaign/enemies/71,"[1182, 559]",NOT_FROZEN,,Actual perception/patrol,"Combat.Health<=0, including lethal and nonlethal execution",defeat:home_assembly_16:1,Source/Hearthward/Campaign/HearthwardCampaignState.cpp#Enemy/Initialize/Total/Cleared,TASK-095 enemy silhouette; TASK-100 legitimate combat,NOT_RUN_NORMAL_INPUT
base_enemy,home_assembly_17,/campaign/enemies/72,"[1216, 559]",NOT_FROZEN,,Actual perception/patrol,"Combat.Health<=0, including lethal and nonlethal execution",defeat:home_assembly_17:1,Source/Hearthward/Campaign/HearthwardCampaignState.cpp#Enemy/Initialize/Total/Cleared,TASK-095 enemy silhouette; TASK-100 legitimate combat,NOT_RUN_NORMAL_INPUT
base_enemy,home_assembly_18,/campaign/enemies/73,"[1250, 559]",NOT_FROZEN,,Actual perception/patrol,"Combat.Health<=0, including lethal and nonlethal execution",defeat:home_assembly_18:1,Source/Hearthward/Campaign/HearthwardCampaignState.cpp#Enemy/Initialize/Total/Cleared,TASK-095 enemy silhouette; TASK-100 legitimate combat,NOT_RUN_NORMAL_INPUT
base_enemy,home_assembly_19,/campaign/enemies/74,"[1080, 591]",NOT_FROZEN,,Actual perception/patrol,"Combat.Health<=0, including lethal and nonlethal execution",defeat:home_assembly_19:1,Source/Hearthward/Campaign/HearthwardCampaignState.cpp#Enemy/Initialize/Total/Cleared,TASK-095 enemy silhouette; TASK-100 legitimate combat,NOT_RUN_NORMAL_INPUT
base_enemy,home_assembly_20,/campaign/enemies/75,"[1114, 591]",NOT_FROZEN,,Actual perception/patrol,"Combat.Health<=0, including lethal and nonlethal execution",defeat:home_assembly_20:1,Source/Hearthward/Campaign/HearthwardCampaignState.cpp#Enemy/Initialize/Total/Cleared,TASK-095 enemy silhouette; TASK-100 legitimate combat,NOT_RUN_NORMAL_INPUT
base_enemy,home_assembly_21,/campaign/enemies/76,"[1148, 591]",NOT_FROZEN,,Actual perception/patrol,"Combat.Health<=0, including lethal and nonlethal execution",defeat:home_assembly_21:1,Source/Hearthward/Campaign/HearthwardCampaignState.cpp#Enemy/Initialize/Total/Cleared,TASK-095 enemy silhouette; TASK-100 legitimate combat,NOT_RUN_NORMAL_INPUT
base_enemy,home_assembly_22,/campaign/enemies/77,"[1182, 591]",NOT_FROZEN,,Actual perception/patrol,"Combat.Health<=0, including lethal and nonlethal execution",defeat:home_assembly_22:1,Source/Hearthward/Campaign/HearthwardCampaignState.cpp#Enemy/Initialize/Total/Cleared,TASK-095 enemy silhouette; TASK-100 legitimate combat,NOT_RUN_NORMAL_INPUT
base_enemy,home_assembly_23,/campaign/enemies/78,"[1216, 591]",NOT_FROZEN,,Actual perception/patrol,"Combat.Health<=0, including lethal and nonlethal execution",defeat:home_assembly_23:1,Source/Hearthward/Campaign/HearthwardCampaignState.cpp#Enemy/Initialize/Total/Cleared,TASK-095 enemy silhouette; TASK-100 legitimate combat,NOT_RUN_NORMAL_INPUT
base_enemy,home_assembly_24,/campaign/enemies/79,"[1250, 591]",NOT_FROZEN,,Actual perception/patrol,"Combat.Health<=0, including lethal and nonlethal execution",defeat:home_assembly_24:1,Source/Hearthward/Campaign/HearthwardCampaignState.cpp#Enemy/Initialize/Total/Cleared,TASK-095 enemy silhouette; TASK-100 legitimate combat,NOT_RUN_NORMAL_INPUT
reinforcement_group,reinforce_workshops,/campaign/reinforcements/0,,NOT_FROZEN,,first successful zone alarm while a base member of this zone remains alive,pending->spawned once on existing successful zone alarm while base survivors remain; pending->cancelled when base zone cleared first; never repeat,,Source/Hearthward/Campaign/HearthwardCampaignState.cpp#ResolveUntriggered/RegisterReinforcement; Source/Hearthward/Campaign/HearthwardCampaignWorld.cpp#Tick,TASK-100 normal input; TASK-092 clearance,NOT_RUN_NORMAL_INPUT
reinforcement_enemy,reinforce_workshops_01,/campaign/reinforcements/0/enemies/0,"[1255, 280]",NOT_FROZEN,"[""reinforce_workshops""]",group spawned once,Health<=0,defeat:reinforce_workshops_01:1,Source/Hearthward/Campaign/HearthwardCampaignState.cpp#ResolveUntriggered/RegisterReinforcement; Source/Hearthward/Campaign/HearthwardCampaignWorld.cpp#Tick,TASK-100 normal input; TASK-092 clearance,NOT_RUN_NORMAL_INPUT
reinforcement_enemy,reinforce_workshops_02,/campaign/reinforcements/0/enemies/1,"[1259, 292]",NOT_FROZEN,"[""reinforce_workshops""]",group spawned once,Health<=0,defeat:reinforce_workshops_02:1,Source/Hearthward/Campaign/HearthwardCampaignState.cpp#ResolveUntriggered/RegisterReinforcement; Source/Hearthward/Campaign/HearthwardCampaignWorld.cpp#Tick,TASK-100 normal input; TASK-092 clearance,NOT_RUN_NORMAL_INPUT
reinforcement_enemy,reinforce_workshops_03,/campaign/reinforcements/0/enemies/2,"[1255, 304]",NOT_FROZEN,"[""reinforce_workshops""]",group spawned once,Health<=0,defeat:reinforce_workshops_03:1,Source/Hearthward/Campaign/HearthwardCampaignState.cpp#ResolveUntriggered/RegisterReinforcement; Source/Hearthward/Campaign/HearthwardCampaignWorld.cpp#Tick,TASK-100 normal input; TASK-092 clearance,NOT_RUN_NORMAL_INPUT
reinforcement_enemy,reinforce_workshops_04,/campaign/reinforcements/0/enemies/3,"[1255, 316]",NOT_FROZEN,"[""reinforce_workshops""]",group spawned once,Health<=0,defeat:reinforce_workshops_04:1,Source/Hearthward/Campaign/HearthwardCampaignState.cpp#ResolveUntriggered/RegisterReinforcement; Source/Hearthward/Campaign/HearthwardCampaignWorld.cpp#Tick,TASK-100 normal input; TASK-092 clearance,NOT_RUN_NORMAL_INPUT
reinforcement_group,reinforce_assembly,/campaign/reinforcements/1,,NOT_FROZEN,,first successful zone alarm while a base member of this zone remains alive,pending->spawned once on existing successful zone alarm while base survivors remain; pending->cancelled when base zone cleared first; never repeat,,Source/Hearthward/Campaign/HearthwardCampaignState.cpp#ResolveUntriggered/RegisterReinforcement; Source/Hearthward/Campaign/HearthwardCampaignWorld.cpp#Tick,TASK-100 normal input; TASK-092 clearance,NOT_RUN_NORMAL_INPUT
reinforcement_enemy,reinforce_assembly_01,/campaign/reinforcements/1/enemies/0,"[1255, 480]",NOT_FROZEN,"[""reinforce_assembly""]",group spawned once,Health<=0,defeat:reinforce_assembly_01:1,Source/Hearthward/Campaign/HearthwardCampaignState.cpp#ResolveUntriggered/RegisterReinforcement; Source/Hearthward/Campaign/HearthwardCampaignWorld.cpp#Tick,TASK-100 normal input; TASK-092 clearance,NOT_RUN_NORMAL_INPUT
reinforcement_enemy,reinforce_assembly_02,/campaign/reinforcements/1/enemies/1,"[1259, 492]",NOT_FROZEN,"[""reinforce_assembly""]",group spawned once,Health<=0,defeat:reinforce_assembly_02:1,Source/Hearthward/Campaign/HearthwardCampaignState.cpp#ResolveUntriggered/RegisterReinforcement; Source/Hearthward/Campaign/HearthwardCampaignWorld.cpp#Tick,TASK-100 normal input; TASK-092 clearance,NOT_RUN_NORMAL_INPUT
reinforcement_enemy,reinforce_assembly_03,/campaign/reinforcements/1/enemies/2,"[1255, 504]",NOT_FROZEN,"[""reinforce_assembly""]",group spawned once,Health<=0,defeat:reinforce_assembly_03:1,Source/Hearthward/Campaign/HearthwardCampaignState.cpp#ResolveUntriggered/RegisterReinforcement; Source/Hearthward/Campaign/HearthwardCampaignWorld.cpp#Tick,TASK-100 normal input; TASK-092 clearance,NOT_RUN_NORMAL_INPUT
reinforcement_enemy,reinforce_assembly_04,/campaign/reinforcements/1/enemies/3,"[1255, 516]",NOT_FROZEN,"[""reinforce_assembly""]",group spawned once,Health<=0,defeat:reinforce_assembly_04:1,Source/Hearthward/Campaign/HearthwardCampaignState.cpp#ResolveUntriggered/RegisterReinforcement; Source/Hearthward/Campaign/HearthwardCampaignWorld.cpp#Tick,TASK-100 normal input; TASK-092 clearance,NOT_RUN_NORMAL_INPUT
rescue,rescued_01,/campaign/people/20,"[-380, -845]",NOT_FROZEN,,"Actual player within <260 cm, Safe, !Busy; explicit follow/wait; existing brother escort after contact",Actual rescued actor in CampAt and player not InCombat; RecordRescue single transaction,rescue:rescued_01,Source/Hearthward/Campaign/HearthwardCampaignState.cpp#Initialize; Source/Hearthward/Campaign/HearthwardCampaignInteraction.cpp#Use/AssignEscort; Source/Hearthward/Campaign/HearthwardCampaignWorld.cpp#Tick,TASK-092 physical escort; TASK-095 civilian; TASK-100 remaining rescues,NOT_RUN_NORMAL_INPUT
rescue,rescued_02,/campaign/people/21,"[970, 410]",NOT_FROZEN,,"Actual player within <260 cm, Safe, !Busy; explicit follow/wait; existing brother escort after contact",Actual rescued actor in CampAt and player not InCombat; RecordRescue single transaction,rescue:rescued_02,Source/Hearthward/Campaign/HearthwardCampaignState.cpp#Initialize; Source/Hearthward/Campaign/HearthwardCampaignInteraction.cpp#Use/AssignEscort; Source/Hearthward/Campaign/HearthwardCampaignWorld.cpp#Tick,TASK-092 physical escort; TASK-095 civilian; TASK-100 remaining rescues,NOT_RUN_NORMAL_INPUT
rescue,rescued_03,/campaign/people/22,"[973, 412]",NOT_FROZEN,,"Actual player within <260 cm, Safe, !Busy; explicit follow/wait; existing brother escort after contact",Actual rescued actor in CampAt and player not InCombat; RecordRescue single transaction,rescue:rescued_03,Source/Hearthward/Campaign/HearthwardCampaignState.cpp#Initialize; Source/Hearthward/Campaign/HearthwardCampaignInteraction.cpp#Use/AssignEscort; Source/Hearthward/Campaign/HearthwardCampaignWorld.cpp#Tick,TASK-092 physical escort; TASK-095 civilian; TASK-100 remaining rescues,NOT_RUN_NORMAL_INPUT
rescue,rescued_04,/campaign/people/23,"[1130, 400]",NOT_FROZEN,,"Actual player within <260 cm, Safe, !Busy; explicit follow/wait; existing brother escort after contact",Actual rescued actor in CampAt and player not InCombat; RecordRescue single transaction,rescue:rescued_04,Source/Hearthward/Campaign/HearthwardCampaignState.cpp#Initialize; Source/Hearthward/Campaign/HearthwardCampaignInteraction.cpp#Use/AssignEscort; Source/Hearthward/Campaign/HearthwardCampaignWorld.cpp#Tick,TASK-092 physical escort; TASK-095 civilian; TASK-100 remaining rescues,NOT_RUN_NORMAL_INPUT
rescue,rescued_05,/campaign/people/24,"[1133, 402]",NOT_FROZEN,,"Actual player within <260 cm, Safe, !Busy; explicit follow/wait; existing brother escort after contact",Actual rescued actor in CampAt and player not InCombat; RecordRescue single transaction,rescue:rescued_05,Source/Hearthward/Campaign/HearthwardCampaignState.cpp#Initialize; Source/Hearthward/Campaign/HearthwardCampaignInteraction.cpp#Use/AssignEscort; Source/Hearthward/Campaign/HearthwardCampaignWorld.cpp#Tick,TASK-092 physical escort; TASK-095 civilian; TASK-100 remaining rescues,NOT_RUN_NORMAL_INPUT
rescue,rescued_06,/campaign/people/25,"[940, 580]",NOT_FROZEN,,"Actual player within <260 cm, Safe, !Busy; explicit follow/wait; existing brother escort after contact",Actual rescued actor in CampAt and player not InCombat; RecordRescue single transaction,rescue:rescued_06,Source/Hearthward/Campaign/HearthwardCampaignState.cpp#Initialize; Source/Hearthward/Campaign/HearthwardCampaignInteraction.cpp#Use/AssignEscort; Source/Hearthward/Campaign/HearthwardCampaignWorld.cpp#Tick,TASK-092 physical escort; TASK-095 civilian; TASK-100 remaining rescues,NOT_RUN_NORMAL_INPUT
rescue,rescued_07,/campaign/people/26,"[943, 582]",NOT_FROZEN,,"Actual player within <260 cm, Safe, !Busy; explicit follow/wait; existing brother escort after contact",Actual rescued actor in CampAt and player not InCombat; RecordRescue single transaction,rescue:rescued_07,Source/Hearthward/Campaign/HearthwardCampaignState.cpp#Initialize; Source/Hearthward/Campaign/HearthwardCampaignInteraction.cpp#Use/AssignEscort; Source/Hearthward/Campaign/HearthwardCampaignWorld.cpp#Tick,TASK-092 physical escort; TASK-095 civilian; TASK-100 remaining rescues,NOT_RUN_NORMAL_INPUT
rescue,rescued_08,/campaign/people/27,"[1130, 585]",NOT_FROZEN,,"Actual player within <260 cm, Safe, !Busy; explicit follow/wait; existing brother escort after contact",Actual rescued actor in CampAt and player not InCombat; RecordRescue single transaction,rescue:rescued_08,Source/Hearthward/Campaign/HearthwardCampaignState.cpp#Initialize; Source/Hearthward/Campaign/HearthwardCampaignInteraction.cpp#Use/AssignEscort; Source/Hearthward/Campaign/HearthwardCampaignWorld.cpp#Tick,TASK-092 physical escort; TASK-095 civilian; TASK-100 remaining rescues,NOT_RUN_NORMAL_INPUT
rescue,rescued_09,/campaign/people/28,"[1133, 587]",NOT_FROZEN,,"Actual player within <260 cm, Safe, !Busy; explicit follow/wait; existing brother escort after contact",Actual rescued actor in CampAt and player not InCombat; RecordRescue single transaction,rescue:rescued_09,Source/Hearthward/Campaign/HearthwardCampaignState.cpp#Initialize; Source/Hearthward/Campaign/HearthwardCampaignInteraction.cpp#Use/AssignEscort; Source/Hearthward/Campaign/HearthwardCampaignWorld.cpp#Tick,TASK-092 physical escort; TASK-095 civilian; TASK-100 remaining rescues,NOT_RUN_NORMAL_INPUT
rescue,rescued_10,/campaign/people/29,"[1136, 589]",NOT_FROZEN,,"Actual player within <260 cm, Safe, !Busy; explicit follow/wait; existing brother escort after contact",Actual rescued actor in CampAt and player not InCombat; RecordRescue single transaction,rescue:rescued_10,Source/Hearthward/Campaign/HearthwardCampaignState.cpp#Initialize; Source/Hearthward/Campaign/HearthwardCampaignInteraction.cpp#Use/AssignEscort; Source/Hearthward/Campaign/HearthwardCampaignWorld.cpp#Tick,TASK-092 physical escort; TASK-095 civilian; TASK-100 remaining rescues,NOT_RUN_NORMAL_INPUT
