binding,action_seconds,clip_seconds,point,world_x_cm,world_y_cm,world_z_cm
actual_current_binding,0.0,0.0,Grip,40.19123129091528,-20.41146222466243,119.16437255263429
actual_current_binding,0.0,0.0,BladeBase,28.492828139489546,-15.7341653015987,80.24334333146793
actual_current_binding,0.0,0.0,BladeTip,27.932614746739695,-18.548008672627148,54.94256001168827
candidate_grip_recenter_existing_rotation,0.0,0.0,Grip,35.4316937511866,-18.334591727259845,91.71311337450662
candidate_grip_recenter_existing_rotation,0.0,0.0,BladeBase,23.733290599760863,-13.657294804196116,52.79208415334027
candidate_grip_recenter_existing_rotation,0.0,0.0,BladeTip,23.173077207011012,-16.471138175224567,27.491300833560587
actual_current_binding,0.016666666666666666,0.015277778108914694,Grip,39.49708474356696,-19.919413912109253,121.73566863652007
actual_current_binding,0.016666666666666666,0.015277778108914694,BladeBase,30.073641253762307,-18.649073962081754,81.94671027316886
actual_current_binding,0.016666666666666666,0.015277778108914694,BladeTip,30.860334028979764,-23.760026817106645,57.01439258010886
candidate_grip_recenter_existing_rotation,0.016666666666666666,0.015277778108914694,Grip,36.31101529314187,-20.29359385874577,93.98234144959689
candidate_grip_recenter_existing_rotation,0.016666666666666666,0.015277778108914694,BladeBase,26.887571803337217,-19.02325390871827,54.193383086245674
candidate_grip_recenter_existing_rotation,0.016666666666666666,0.015277778108914694,BladeTip,27.674264578554673,-24.134206763743165,29.26106539318569
actual_current_binding,0.03333333333333333,0.030555556217829388,Grip,38.735536117262626,-19.279755454907722,124.13928003291802
actual_current_binding,0.03333333333333333,0.030555556217829388,BladeBase,31.471913579785927,-21.568050217536694,83.9450049039017
actual_current_binding,0.03333333333333333,0.030555556217829388,BladeTip,33.48535032347295,-28.98053178083175,59.66821805494824
candidate_grip_recenter_existing_rotation,0.03333333333333333,0.030555556217829388,Grip,37.0257942188324,-22.180031471387107,96.4047636176496
candidate_grip_recenter_existing_rotation,0.03333333333333333,0.030555556217829388,BladeBase,29.762171681355703,-24.46832623401608,56.21048848863329
candidate_grip_recenter_existing_rotation,0.03333333333333333,0.030555556217829388,BladeTip,31.775608425042726,-31.880807797311135,31.93370163967984
actual_current_binding,0.05,0.04583333432674408,Grip,38.1064117806408,-18.52925825779107,126.39749840258348
actual_current_binding,0.05,0.04583333432674408,BladeBase,32.59799922958097,-24.456734768388785,86.29639278418048
actual_current_binding,0.05,0.04583333432674408,BladeTip,35.57025252870348,-34.11406570401622,62.92412589193903
candidate_grip_recenter_existing_rotation,0.05,0.04583333432674408,Grip,37.583485730506055,-23.97262650982145,98.99978847020621
candidate_grip_recenter_existing_rotation,0.05,0.04583333432674408,BladeBase,32.07507317944622,-29.900103020419163,58.898682851803215
candidate_grip_recenter_existing_rotation,0.05,0.04583333432674408,BladeTip,35.04732647856873,-39.557433956046594,35.526415959561746
actual_current_binding,0.06666666666666667,0.061111112435658775,Grip,37.91441864727904,-17.728630970588867,128.60547485980746
actual_current_binding,0.06666666666666667,0.061111112435658775,BladeBase,33.32405502771389,-27.25239799179605,89.08582554455398
actual_current_binding,0.06666666666666667,0.061111112435658775,BladeTip,36.77767630295338,-39.017594555939695,66.76960184853378
candidate_grip_recenter_existing_rotation,0.06666666666666667,0.061111112435658775,Grip,38.006051094035854,-25.643004876216665,101.81195869831
candidate_grip_recenter_existing_rotation,0.06666666666666667,0.061111112435658775,BladeBase,33.415687474470694,-35.16677189742385,62.29230938305652
candidate_grip_recenter_existing_rotation,0.06666666666666667,0.061111112435658775,BladeTip,36.869308749710186,-46.93196846156749,39.9760856870363
actual_current_binding,0.08333333333333334,0.07638889054457347,Grip,37.676285768833445,-16.853385777751015,130.6903842003029
actual_current_binding,0.08333333333333334,0.07638889054457347,BladeBase,33.837437610442464,-29.909087357995816,92.11075020127319
actual_current_binding,0.08333333333333334,0.07638889054457347,BladeTip,37.65093414259327,-43.6892897266418,71.04123532705324
candidate_grip_recenter_existing_rotation,0.08333333333333334,0.07638889054457347,Grip,38.26220939024338,-27.181348046296296,104.7379641202952
candidate_grip_recenter_existing_rotation,0.08333333333333334,0.07638889054457347,BladeBase,34.4233612318524,-40.23704962654111,66.15833012126551
candidate_grip_recenter_existing_rotation,0.08333333333333334,0.07638889054457347,BladeTip,38.23685776400321,-54.01725199518709,45.088815247045574
actual_current_binding,0.1,0.09166666865348816,Grip,37.76487467914423,-15.974973729627452,132.82230646499798
actual_current_binding,0.1,0.09166666865348816,BladeBase,34.182602028266786,-32.18578332384122,95.4330936705355
actual_current_binding,0.1,0.09166666865348816,BladeTip,38.09622260735216,-47.69663973434487,75.62253846548799
candidate_grip_recenter_existing_rotation,0.1,0.09166666865348816,Grip,38.51400107944494,-28.43649676904749,107.82855780069829
candidate_grip_recenter_existing_rotation,0.1,0.09166666865348816,BladeBase,34.93172842856749,-44.64730636326125,70.43934500623583
candidate_grip_recenter_existing_rotation,0.1,0.09166666865348816,BladeTip,38.84534900765287,-60.1581627737649,50.628789801188304
actual_current_binding,0.11666666666666667,0.10694444676240285,Grip,38.10380335909762,-15.078245060761626,135.0306723935826
actual_current_binding,0.11666666666666667,0.10694444676240285,BladeBase,34.38623629749676,-34.09392410275601,99.00068621333224
actual_current_binding,0.11666666666666667,0.10694444676240285,BladeTip,38.197816454926915,-51.09658165286876,80.43343862265213
candidate_grip_recenter_existing_rotation,0.11666666666666667,0.10694444676240285,Grip,38.75534262227961,-29.424078430655918,111.06589030336599
candidate_grip_recenter_existing_rotation,0.11666666666666667,0.10694444676240285,BladeBase,35.03777556067875,-48.4397574726503,75.03590412311566
candidate_grip_recenter_existing_rotation,0.11666666666666667,0.10694444676240285,BladeTip,38.84935571810891,-65.44241502276304,56.468656532435546
actual_current_binding,0.13333333333333333,0.12222222487131755,Grip,38.38739623375777,-14.115749357256561,137.1802079676355
actual_current_binding,0.13333333333333333,0.12222222487131755,BladeBase,34.413170537961214,-35.791096706842836,102.71339631021164
actual_current_binding,0.13333333333333333,0.12222222487131755,BladeTip,38.039362171536084,-54.18662021416685,85.48502902585703
candidate_grip_recenter_existing_rotation,0.13333333333333333,0.12222222487131755,Grip,38.855643964588324,-30.24930837747381,114.37610227318771
candidate_grip_recenter_existing_rotation,0.13333333333333333,0.12222222487131755,BladeBase,34.88141826879177,-51.92465572706009,79.90929061576384
candidate_grip_recenter_existing_rotation,0.13333333333333333,0.12222222487131755,BladeTip,38.50760990236664,-70.3201792343841,62.68092333140925
actual_current_binding,0.15,0.13750000298023224,Grip,38.69600827195065,-13.382980380181369,139.44739691600668
actual_current_binding,0.15,0.13750000298023224,BladeBase,34.747238662051274,-37.11098309476802,106.35713605001808
actual_current_binding,0.15,0.13750000298023224,BladeTip,38.36376429668918,-56.53406833394031,90.29395789990124
candidate_grip_recenter_existing_rotation,0.15,0.13750000298023224,Grip,39.175776297205736,-30.879923933558292,117.67206665326003
candidate_grip_recenter_existing_rotation,0.15,0.13750000298023224,BladeBase,35.22700668730636,-54.60792664814494,84.58180578727145
candidate_grip_recenter_existing_rotation,0.15,0.13750000298023224,BladeTip,38.843532321944245,-74.03101188731723,68.51862763715458
actual_current_binding,0.16666666666666669,0.15277778108914694,Grip,38.948476536130016,-12.6318924670095,141.73450701257448
actual_current_binding,0.16666666666666669,0.15277778108914694,BladeBase,35.02235003992949,-38.21757462627185,110.05589186582745
actual_current_binding,0.16666666666666669,0.15277778108914694,BladeTip,38.61915624690575,-58.54948684444703,95.15496837704954
candidate_grip_recenter_existing_rotation,0.16666666666666669,0.15277778108914694,Grip,39.43580730239232,-31.35943517114471,121.00819831785384
candidate_grip_recenter_existing_rotation,0.16666666666666669,0.15277778108914694,BladeBase,35.509680806191795,-56.94511733040705,89.3295831711068
candidate_grip_recenter_existing_rotation,0.16666666666666669,0.15277778108914694,BladeTip,39.10648701316806,-77.27702954858223,74.4286596823289
actual_current_binding,0.18333333333333332,0.16805555919806162,Grip,39.153265087918605,-11.792482537633603,143.96854325445187
actual_current_binding,0.18333333333333332,0.16805555919806162,BladeBase,35.19710184214744,-39.125762600103975,113.78880117745524
actual_current_binding,0.18333333333333332,0.16805555919806162,BladeTip,38.73231346271865,-60.29587737886096,100.08881179028523
candidate_grip_recenter_existing_rotation,0.18333333333333332,0.16805555919806162,Grip,39.60953244729049,-31.676910701286516,124.34866670486309
candidate_grip_recenter_existing_rotation,0.18333333333333332,0.16805555919806162,BladeBase,35.653369201519325,-59.01019076375689,94.16892462786646
candidate_grip_recenter_existing_rotation,0.18333333333333332,0.16805555919806162,BladeTip,39.18858082209054,-80.18030554251386,80.46893524069647
actual_current_binding,0.2,0.18333333730697632,Grip,39.54247889308481,-10.844594613071322,145.91803661964371
actual_current_binding,0.2,0.18333333730697632,BladeBase,35.89155142583076,-39.75302950287595,117.20306875817029
actual_current_binding,0.2,0.18333333730697632,BladeTip,39.56636739791224,-61.62204459375575,104.68895286120241
candidate_grip_recenter_existing_rotation,0.2,0.18333333730697632,Grip,40.19734560385808,-31.747950451164286,127.39348309150186
candidate_grip_recenter_existing_rotation,0.2,0.18333333730697632,BladeBase,36.54641813660403,-60.65638534096891,98.67851523002847
candidate_grip_recenter_existing_rotation,0.2,0.18333333730697632,BladeTip,40.22123410868551,-82.5254004318487,86.16439933306059
actual_current_binding,0.21666666666666667,0.19861111541589102,Grip,39.847557557867496,-9.843397307756245,147.84391752505132
actual_current_binding,0.21666666666666667,0.19861111541589102,BladeBase,36.41742291354877,-40.24534584501965,120.68637787407954
actual_current_binding,0.21666666666666667,0.19861111541589102,BladeTip,40.16758713280662,-62.76074399872688,109.40124143426755
candidate_grip_recenter_existing_rotation,0.21666666666666667,0.19861111541589102,Grip,40.63969714670704,-31.712070569320733,130.47521395309371
candidate_grip_recenter_existing_rotation,0.21666666666666667,0.19861111541589102,BladeBase,37.20956250238832,-62.11401910658414,103.31767430212194
candidate_grip_recenter_existing_rotation,0.21666666666666667,0.19861111541589102,BladeTip,40.95972672164617,-84.62941726029135,92.03253786230994
actual_current_binding,0.23333333333333334,0.2138888935248057,Grip,40.17993078237139,-8.728089055305947,149.59697941468207
actual_current_binding,0.23333333333333334,0.2138888935248057,BladeBase,36.969364987007204,-40.62243635537029,124.18007291504702
actual_current_binding,0.23333333333333334,0.2138888935248057,BladeTip,40.79176148500892,-63.74874010328885,114.23399076539582
candidate_grip_recenter_existing_rotation,0.23333333333333334,0.2138888935248057,Grip,41.10773962037572,-31.55121173069728,133.51026249593306
candidate_grip_recenter_existing_rotation,0.23333333333333334,0.2138888935248057,BladeBase,37.897173825011535,-63.44555903076163,108.09335599629802
candidate_grip_recenter_existing_rotation,0.23333333333333334,0.2138888935248057,BladeTip,41.71957032301325,-86.57186277868017,98.14727384664683
actual_current_binding,0.25,0.2291666716337204,Grip,40.62633101627969,-7.474159717317335,151.05918166738212
actual_current_binding,0.25,0.2291666716337204,BladeBase,37.71631171253032,-40.90796502616177,127.66497920914978
actual_current_binding,0.25,0.2291666716337204,BladeTip,41.66285326049365,-64.60883104186331,119.2355693797192
candidate_grip_recenter_existing_rotation,0.25,0.2291666716337204,Grip,41.74587529934685,-31.2624571700306,136.45090510855107
candidate_grip_recenter_existing_rotation,0.25,0.2291666716337204,BladeBase,38.83585599559747,-64.69626247887504,113.05670265031871
candidate_grip_recenter_existing_rotation,0.25,0.2291666716337204,BladeTip,42.7823975435608,-88.39712849457658,104.62729282088813
actual_current_binding,0.26666666666666666,0.2444444497426351,Grip,40.997247423106344,-6.207806888981647,152.46556661066657
actual_current_binding,0.26666666666666666,0.2444444497426351,BladeBase,38.30933839257682,-41.052305020831156,131.2002814393408
actual_current_binding,0.26666666666666666,0.2444444497426351,BladeTip,42.31723035075251,-65.24225416512463,124.33410691456913
candidate_grip_recenter_existing_rotation,0.26666666666666666,0.2444444497426351,Grip,42.250701950848686,-30.8735947045181,139.4054754047974
candidate_grip_recenter_existing_rotation,0.26666666666666666,0.2444444497426351,BladeBase,39.56279292031917,-65.7180928363676,118.14019023347161
candidate_grip_recenter_existing_rotation,0.26666666666666666,0.2444444497426351,BladeTip,43.570684878494866,-89.90804198066107,111.27401570869996
actual_current_binding,0.2833333333333333,0.2597222278515498,Grip,41.42249405551069,-4.806494612097779,153.53426165484706
actual_current_binding,0.2833333333333333,0.2597222278515498,BladeBase,39.061742170696355,-41.11274610929662,134.82973783853018
actual_current_binding,0.2833333333333333,0.2597222278515498,BladeTip,43.15945400416523,-65.73955013772797,129.82069888563467
candidate_grip_recenter_existing_rotation,0.2833333333333333,0.2597222278515498,Grip,42.87263008625876,-30.360986758594215,142.33590214343718
candidate_grip_recenter_existing_rotation,0.2833333333333333,0.2597222278515498,BladeBase,40.51187820144442,-66.66723825579305,123.63137832712029
candidate_grip_recenter_existing_rotation,0.2833333333333333,0.2597222278515498,BladeTip,44.6095900349133,-91.29404228422442,118.6223393742248
actual_current_binding,0.3,0.2750000059604645,Grip,41.8548553212702,-3.371175640242143,154.3604304158496
actual_current_binding,0.3,0.2750000059604645,BladeBase,39.842466270619376,-41.04331200985332,138.53839862176847
actual_current_binding,0.3,0.2750000059604645,BladeTip,44.01059661085336,-65.98810615068493,135.5811828881954
candidate_grip_recenter_existing_rotation,0.3,0.2750000059604645,Grip,43.50731497317257,-29.730784377545334,145.2511701036766
candidate_grip_recenter_existing_rotation,0.3,0.2750000059604645,BladeBase,41.494925922521745,-67.40292074715651,129.4291383095955
candidate_grip_recenter_existing_rotation,0.3,0.2750000059604645,BladeTip,45.66305626275573,-92.3477148879881,126.47192257602241
actual_current_binding,0.31666666666666665,0.29027778406937915,Grip,42.22939952125713,-1.9973302178496404,155.09795489913733
actual_current_binding,0.31666666666666665,0.29027778406937915,BladeBase,40.458550959514206,-40.80295082013934,142.26969845185673
actual_current_binding,0.31666666666666665,0.29027778406937915,BladeTip,44.61163365159442,-65.90975492159082,141.3970690227055
candidate_grip_recenter_existing_rotation,0.31666666666666665,0.29027778406937915,Grip,44.00477789633716,-28.998881675627114,148.14795708488592
candidate_grip_recenter_existing_rotation,0.31666666666666665,0.29027778406937915,BladeBase,42.23392933459423,-67.80450227791681,135.31970063760534
candidate_grip_recenter_existing_rotation,0.31666666666666665,0.29027778406937915,BladeTip,46.387012026674455,-92.9113063793683,134.44707120845408
actual_current_binding,0.33333333333333337,0.3055555621782939,Grip,42.59408639801736,-0.4040720187570628,155.01280937569697
actual_current_binding,0.33333333333333337,0.3055555621782939,BladeBase,41.19700901000877,-40.241623219833556,145.81531256905456
actual_current_binding,0.33333333333333337,0.3055555621782939,BladeTip,45.33086299691183,-65.31425307202944,147.4387883669275
candidate_grip_recenter_existing_rotation,0.33333333333333337,0.3055555621782939,Grip,44.55911683723899,-27.934716340289825,150.6837797229925
candidate_grip_recenter_existing_rotation,0.33333333333333337,0.3055555621782939,BladeBase,43.1620394492304,-67.77226754136632,141.4862829163501
candidate_grip_recenter_existing_rotation,0.33333333333333337,0.3055555621782939,BladeTip,47.29589343613345,-92.84489739356219,143.10975871422306
actual_current_binding,0.35,0.32083334028720856,Grip,42.939123134061866,1.069077424524501,154.7569736560368
actual_current_binding,0.35,0.32083334028720856,BladeBase,41.831249753914776,-39.46548406891264,149.34419252772585
actual_current_binding,0.35,0.32083334028720856,BladeTip,45.859072029611255,-64.26153002377771,153.5027911950849
candidate_grip_recenter_existing_rotation,0.35,0.32083334028720856,Grip,45.02408734705659,-26.74446446232328,153.14513276472587
candidate_grip_recenter_existing_rotation,0.35,0.32083334028720856,BladeBase,43.91621396690952,-67.27902595576042,147.73235163641493
candidate_grip_recenter_existing_rotation,0.35,0.32083334028720856,BladeTip,47.944036242605975,-92.07507191062548,151.890950303774
actual_current_binding,0.36666666666666664,0.33611111839612323,Grip,43.32931392400919,2.371083318756316,154.41711815814097
actual_current_binding,0.36666666666666664,0.33611111839612323,BladeBase,42.40178231114312,-38.49523457624818,152.7861659067731
actual_current_binding,0.36666666666666664,0.33611111839612323,BladeTip,46.22545994277272,-62.78128040114568,159.41403567894665
candidate_grip_recenter_existing_rotation,0.36666666666666664,0.33611111839612323,Grip,45.44820738581202,-25.46522868851655,155.50718395940777
candidate_grip_recenter_existing_rotation,0.36666666666666664,0.33611111839612323,BladeBase,44.52067577294594,-66.33154658352105,153.8762317080399
candidate_grip_recenter_existing_rotation,0.36666666666666664,0.33611111839612323,BladeTip,48.34435340457554,-90.61759240841855,160.50410148021345
actual_current_binding,0.38333333333333336,0.35138889650503796,Grip,43.963441183941384,3.507526291792338,153.9911528281843
actual_current_binding,0.38333333333333336,0.35138889650503796,BladeBase,43.22609759497913,-37.3498385766113,155.91685240927907
actual_current_binding,0.38333333333333336,0.35138889650503796,BladeTip,46.80131202626131,-60.93452538175281,164.82424148971523
candidate_grip_recenter_existing_rotation,0.38333333333333336,0.35138889650503796,Grip,46.105512746641395,-24.110848439144945,157.6209084345033
candidate_grip_recenter_existing_rotation,0.38333333333333336,0.35138889650503796,BladeBase,45.368169157679134,-64.96821330754858,159.54660801559805
candidate_grip_recenter_existing_rotation,0.38333333333333336,0.35138889650503796,BladeTip,48.943383588961325,-88.55290011269008,168.45399709603421
actual_current_binding,0.4,0.36666667461395264,Grip,44.58949633145541,4.514801241689259,153.51856675177189
actual_current_binding,0.4,0.36666667461395264,BladeBase,43.94440318693715,-36.02262881025723,158.98454132664102
actual_current_binding,0.4,0.36666667461395264,BladeTip,47.1780682135831,-58.70511049113895,170.0935298246299
candidate_grip_recenter_existing_rotation,0.4,0.36666667461395264,Grip,46.674204854771226,-22.660085072331103,159.66004567078556
candidate_grip_recenter_existing_rotation,0.4,0.36666667461395264,BladeBase,46.02911171025298,-63.1975151242776,165.1260202456547
candidate_grip_recenter_existing_rotation,0.4,0.36666667461395264,BladeTip,49.262776736898935,-85.87999680515932,176.23500874364362
actual_current_binding,0.41666666666666663,0.3819444527228673,Grip,45.18611066006243,5.444768475834664,153.20035157346953
actual_current_binding,0.41666666666666663,0.3819444527228673,BladeBase,44.544690730395786,-34.55961283895042,161.73348197970225
actual_current_binding,0.41666666666666663,0.3819444527228673,BladeTip,47.447477546115806,-56.296410473890745,174.6735997317427
candidate_grip_recenter_existing_rotation,0.41666666666666663,0.3819444527228673,Grip,47.169625466343305,-21.161243491650097,161.4903464660571
candidate_grip_recenter_existing_rotation,0.41666666666666663,0.3819444527228673,BladeBase,46.52820553667665,-61.16562480643518,170.02347687228982
candidate_grip_recenter_existing_rotation,0.41666666666666663,0.3819444527228673,BladeTip,49.43099235239668,-82.90242244137549,182.96359462433028
actual_current_binding,0.43333333333333335,0.39722223083178204,Grip,45.72305561421589,6.3890204036403375,153.06593530245868
actual_current_binding,0.43333333333333335,0.39722223083178204,BladeBase,45.0604140399203,-32.994594038466886,164.11437763855892
actual_current_binding,0.43333333333333335,0.39722223083178204,BladeTip,47.70654119082795,-53.84074907548767,178.49481648548777
candidate_grip_recenter_existing_rotation,0.43333333333333335,0.39722223083178204,Grip,47.61464521946192,-19.61937432863209,163.0920767005956
candidate_grip_recenter_existing_rotation,0.43333333333333335,0.39722223083178204,BladeBase,46.952003645166336,-59.002988770739314,174.14051903669585
candidate_grip_recenter_existing_rotation,0.43333333333333335,0.39722223083178204,BladeTip,49.598130796073995,-79.8491438077601,188.52095788362467
actual_current_binding,0.45,0.4125000089406967,Grip,46.22738023183557,7.306430431309586,152.89496944817853
actual_current_binding,0.45,0.4125000089406967,BladeBase,45.49562020545851,-31.30535947057834,166.39202343306488
actual_current_binding,0.45,0.4125000089406967,BladeTip,47.83210871023182,-51.17675605952274,182.14097924697487
candidate_grip_recenter_existing_rotation,0.45,0.4125000089406967,Grip,47.98523368676388,-17.998547844863246,164.60420703195075
candidate_grip_recenter_existing_rotation,0.45,0.4125000089406967,BladeBase,47.253473660386824,-56.61033774675118,178.1012610168371
candidate_grip_recenter_existing_rotation,0.45,0.4125000089406967,BladeTip,49.58996216516013,-76.48173433569556,193.8502168307471
actual_current_binding,0.4666666666666667,0.4277777870496114,Grip,46.879967041730815,8.257814806344342,152.88539528124872
actual_current_binding,0.4666666666666667,0.4277777870496114,BladeBase,46.129450854464544,-29.66710356845919,168.2057591852757
actual_current_binding,0.4666666666666667,0.4277777870496114,BladeTip,48.324787495213755,-48.74894194710397,184.92177340163724
candidate_grip_recenter_existing_rotation,0.4666666666666667,0.4277777870496114,Grip,48.58258390682036,-16.44779522677659,165.81876869354423
candidate_grip_recenter_existing_rotation,0.4666666666666667,0.4277777870496114,BladeBase,47.83206771955408,-54.37271360158013,181.13913259757123
candidate_grip_recenter_existing_rotation,0.4666666666666667,0.4277777870496114,BladeTip,50.027404360303294,-73.45455198022492,197.85514681393275
actual_current_binding,0.48333333333333334,0.4430555651585261,Grip,47.56615881779562,9.253657616702043,152.89941451668815
actual_current_binding,0.48333333333333334,0.4430555651585261,BladeBase,46.82092613427641,-27.994793623711082,169.79834249667124
actual_current_binding,0.48333333333333334,0.4430555651585261,BladeTip,48.93248261516095,-46.345281039630216,187.32438400588734
candidate_grip_recenter_existing_rotation,0.48333333333333334,0.4430555651585261,Grip,49.243805852566744,-14.877149040747732,166.87896707059014
candidate_grip_recenter_existing_rotation,0.48333333333333334,0.4430555651585261,BladeBase,48.49857316904754,-52.12560028116086,183.77789505057322
candidate_grip_recenter_existing_rotation,0.48333333333333334,0.4430555651585261,BladeTip,50.610129649932084,-70.47608769707998,201.30393655978932
actual_current_binding,0.5,0.4583333432674408,Grip,48.216580414217134,10.27420780535953,152.862357059889
actual_current_binding,0.5,0.4583333432674408,BladeBase,47.46265653250106,-26.238923229524772,171.29599802537982
actual_current_binding,0.5,0.4583333432674408,BladeTip,49.46552399223289,-43.82931478909943,189.59703179061094
candidate_grip_recenter_existing_rotation,0.5,0.4583333432674408,Grip,49.85409013628153,-13.241916541020224,167.85731210335467
candidate_grip_recenter_existing_rotation,0.5,0.4583333432674408,BladeBase,49.10016625456546,-49.75504757590453,186.29095306884548
candidate_grip_recenter_existing_rotation,0.5,0.4583333432674408,BladeTip,51.10303371429729,-67.34543913547918,204.5919868340766
actual_current_binding,0.5166666666666666,0.47361112137635547,Grip,48.703038236616564,11.059100294458766,152.1293025597529
actual_current_binding,0.5166666666666666,0.47361112137635547,BladeBase,48.09741177194675,-24.68303518562191,172.02174399723168
actual_current_binding,0.5166666666666666,0.47361112137635547,BladeTip,50.22909764891687,-41.52107403604718,191.00324955264097
candidate_grip_recenter_existing_rotation,0.5166666666666666,0.47361112137635547,Grip,50.45505233348507,-11.833206830080663,168.04818883486465
candidate_grip_recenter_existing_rotation,0.5166666666666666,0.47361112137635547,BladeBase,49.84942586881526,-47.57534231016134,187.94063027234344
candidate_grip_recenter_existing_rotation,0.5166666666666666,0.47361112137635547,BladeTip,51.981111745785384,-64.4133811605866,206.9221358277527
actual_current_binding,0.53,0.48583334386348725,Grip,49.07026445922464,11.69275473714739,151.5107847891235
actual_current_binding,0.53,0.48583334386348725,BladeBase,48.59212611160271,-23.3901421778925,172.54737163689643
actual_current_binding,0.53,0.48583334386348725,BladeTip,50.82126178019803,-39.60467137945543,192.0532986104908
candidate_grip_recenter_existing_rotation,0.53,0.48583334386348725,Grip,50.91628623845346,-10.672122390015659,168.1523800791586
candidate_grip_recenter_existing_rotation,0.53,0.48583334386348725,BladeBase,50.43814789083154,-45.75501930505555,189.18896692693153
candidate_grip_recenter_existing_rotation,0.53,0.48583334386348725,BladeTip,52.667283559426856,-61.96954850661848,208.69489390052593
actual_current_binding,0.5333333333333333,0.4888888994852702,Grip,49.1589065989412,11.851831429871055,151.35180279452126
actual_current_binding,0.5333333333333333,0.4888888994852702,BladeBase,48.713590842434236,-23.06056385926805,172.6708695537999
actual_current_binding,0.5333333333333333,0.4888888994852702,BladeTip,50.96614188051119,-39.116397602132956,192.30495743174518
candidate_grip_recenter_existing_rotation,0.5333333333333333,0.4888888994852702,Grip,51.028574920078874,-10.377399450208067,168.1715487488714
candidate_grip_recenter_existing_rotation,0.5333333333333333,0.4888888994852702,BladeBase,50.58325916357191,-45.28979473934717,189.49061550815003
candidate_grip_recenter_existing_rotation,0.5333333333333333,0.4888888994852702,BladeTip,52.835810201648876,-61.34562848221207,209.1247033860953
actual_current_binding,0.5454545454545454,0.5000000108372081,Grip,49.47040739087998,12.432263681766415,150.7592620771843
actual_current_binding,0.5454545454545454,0.5000000108372081,BladeBase,49.14681415769567,-21.841581152425597,173.09253559755837
actual_current_binding,0.5454545454545454,0.5000000108372081,BladeTip,51.48084810967187,-37.31140605863388,193.18228405389348
candidate_grip_recenter_existing_rotation,0.5454545454545454,0.5000000108372081,Grip,51.425992250902794,-9.291417125586015,168.21765831381853
candidate_grip_recenter_existing_rotation,0.5454545454545454,0.5000000108372081,BladeBase,51.10239901771848,-43.56526195977803,190.5509318341926
candidate_grip_recenter_existing_rotation,0.5454545454545454,0.5000000108372081,BladeTip,53.436432969694685,-59.035086865986294,210.64068029052768
actual_current_binding,0.55,0.5041666775941849,Grip,49.65390128706263,12.591589236461317,150.39583386688926
actual_current_binding,0.55,0.5041666775941849,BladeBase,49.40334304756255,-21.467424998081817,173.0563066857534
actual_current_binding,0.55,0.5041666775941849,BladeTip,51.81417960247265,-36.746715476106985,193.28233792646338
candidate_grip_recenter_existing_rotation,0.55,0.5041666775941849,Grip,51.670230237964496,-8.966078500414582,168.05198289288077
candidate_grip_recenter_existing_rotation,0.55,0.5041666775941849,BladeBase,51.41967199846442,-43.02509273495772,190.71245571174492
candidate_grip_recenter_existing_rotation,0.55,0.5041666775941849,BladeTip,53.83050855337452,-58.304383212982884,210.9384869524549
actual_current_binding,0.5666666666666667,0.5194444557030996,Grip,50.29717856924675,13.175478038498234,149.0308181156772
actual_current_binding,0.5666666666666667,0.5194444557030996,BladeBase,50.33900564500989,-20.06379622017259,172.87877726708618
actual_current_binding,0.5666666666666667,0.5194444557030996,BladeTip,53.03699199555196,-34.62688570351703,193.59105585996267
candidate_grip_recenter_existing_rotation,0.5666666666666667,0.5194444557030996,Grip,52.549778993502095,-7.751665694968715,167.40249919301104
candidate_grip_recenter_existing_rotation,0.5666666666666667,0.5194444557030996,BladeBase,52.59160606926524,-40.99093995363954,191.25045834442005
candidate_grip_recenter_existing_rotation,0.5666666666666667,0.5194444557030996,BladeTip,55.28959241980731,-55.55402943698399,211.9627369372965
actual_current_binding,0.5833333333333333,0.5347222338120142,Grip,50.89276604014202,13.757796101545743,147.61635346806497
actual_current_binding,0.5833333333333333,0.5347222338120142,BladeBase,51.26324441804616,-18.611996602471287,172.62906072867847
actual_current_binding,0.5833333333333333,0.5347222338120142,BladeTip,54.25542058705466,-32.43206522701622,193.80484348027997
candidate_grip_recenter_existing_rotation,0.5833333333333333,0.5347222338120142,Grip,53.401265845118026,-6.50505375620795,166.686292206571
candidate_grip_recenter_existing_rotation,0.5833333333333333,0.5347222338120142,BladeBase,53.77174422302217,-38.87484646022497,191.69899946718448
candidate_grip_recenter_existing_rotation,0.5833333333333333,0.5347222338120142,BladeTip,56.76392039203068,-52.69491508476991,212.87478221878598
actual_current_binding,0.6,0.550000011920929,Grip,51.45297498374569,14.47268121501407,145.950594246691
actual_current_binding,0.6,0.550000011920929,BladeBase,52.361097636029754,-17.330294871728285,171.66678143898633
actual_current_binding,0.6,0.550000011920929,BladeTip,55.86168920429492,-30.686336579455904,193.06124798363683
candidate_grip_recenter_existing_rotation,0.6,0.550000011920929,Grip,54.38819736929017,-5.369391021360528,165.39834110934058
candidate_grip_recenter_existing_rotation,0.6,0.550000011920929,BladeBase,55.296320021574225,-37.17236710810288,191.11452830163591
candidate_grip_recenter_existing_rotation,0.6,0.550000011920929,BladeTip,58.79691158983939,-50.52840881583049,212.50899484628638
actual_current_binding,0.6166666666666667,0.5652777900298437,Grip,51.95839593816576,15.30274397376185,144.03463922383384
actual_current_binding,0.6166666666666667,0.5652777900298437,BladeBase,53.566739695310744,-16.186004002020567,170.10086717709137
actual_current_binding,0.6166666666666667,0.5652777900298437,BladeTip,57.74694865646889,-29.304042668548107,191.5205801709921
candidate_grip_recenter_existing_rotation,0.6166666666666667,0.5652777900298437,Grip,55.45338450318746,-4.320167442087907,163.61178461369818
candidate_grip_recenter_existing_rotation,0.6166666666666667,0.5652777900298437,BladeBase,57.061728260332444,-35.808915417870324,189.67801256695572
candidate_grip_recenter_existing_rotation,0.6166666666666667,0.5652777900298437,BladeTip,61.24193722149058,-48.92695408439785,211.09772556085645
actual_current_binding,0.6333333333333333,0.5805555681387583,Grip,52.38779362528655,16.13392839082873,142.03028589026798
actual_current_binding,0.6333333333333333,0.5805555681387583,BladeBase,54.70919733829386,-15.001794517513288,168.46424325973604
actual_current_binding,0.6333333333333333,0.5805555681387583,BladeTip,59.563691624751904,-27.85298819915895,189.90350388915408
candidate_grip_recenter_existing_rotation,0.6333333333333333,0.5805555681387583,Grip,56.44528128479281,-3.2416729872882755,161.74477508601106
candidate_grip_recenter_existing_rotation,0.6333333333333333,0.5805555681387583,BladeBase,58.766684997800134,-34.37739589563029,188.17873245547912
candidate_grip_recenter_existing_rotation,0.6333333333333333,0.5805555681387583,BladeTip,63.621179284258176,-47.22858957727596,209.61799308489717
actual_current_binding,0.65,0.595833346247673,Grip,52.794932239589905,17.206767808056156,139.15386746160408
actual_current_binding,0.65,0.595833346247673,BladeBase,56.64135492856616,-14.304635754495434,164.95721485008087
actual_current_binding,0.65,0.595833346247673,BladeTip,62.911545895711,-27.504979823182758,185.80899683293177
candidate_grip_recenter_existing_rotation,0.65,0.595833346247673,Grip,58.04103283097935,-2.4827157163721836,158.26775995492144
candidate_grip_recenter_existing_rotation,0.65,0.595833346247673,BladeBase,61.88745551995561,-33.994119278923776,184.07110734339827
candidate_grip_recenter_existing_rotation,0.65,0.595833346247673,BladeTip,68.15764648710045,-47.19446334761109,204.92288932624913
actual_current_binding,0.6666666666666667,0.6111111243565878,Grip,53.06305037505789,18.309841926777466,135.95078829191138
actual_current_binding,0.6666666666666667,0.6111111243565878,BladeBase,58.458640884271524,-13.62821809962727,160.93926930299574
actual_current_binding,0.6666666666666667,0.6111111243565878,BladeTip,66.20236258064853,-27.23313764347413,181.02165284308012
candidate_grip_recenter_existing_rotation,0.6666666666666667,0.6111111243565878,Grip,59.517327532191295,-1.7395419652934834,154.30569856265575
candidate_grip_recenter_existing_rotation,0.6666666666666667,0.6111111243565878,BladeBase,64.91291804140494,-33.67760199169822,179.2941795737401
candidate_grip_recenter_existing_rotation,0.6666666666666667,0.6111111243565878,BladeTip,72.65663973778193,-47.28252153554509,199.3765631138245
actual_current_binding,0.6833333333333333,0.6263889024655024,Grip,53.10821447965729,19.30449378195391,132.502571238778
actual_current_binding,0.6833333333333333,0.6263889024655024,BladeBase,60.16432159850874,-12.95833610439479,156.64583983452727
actual_current_binding,0.6833333333333333,0.6263889024655024,BladeTip,69.45032905025478,-26.88685194955079,175.83249410550147
candidate_grip_recenter_existing_rotation,0.6833333333333333,0.6263889024655024,Grip,60.83434865600452,-1.0281168988516072,150.03625347359903
candidate_grip_recenter_existing_rotation,0.6833333333333333,0.6263889024655024,BladeBase,67.89045577485598,-33.290946785200305,174.17952206934828
candidate_grip_recenter_existing_rotation,0.6833333333333333,0.6263889024655024,BladeTip,77.17646322660202,-47.21946263035629,193.3661763403225
actual_current_binding,0.7,0.6416666805744171,Grip,52.3359794541062,19.587908006148453,127.85259460545383
actual_current_binding,0.7,0.6416666805744171,BladeBase,63.49530177238604,-12.995396464905943,149.92914446221317
actual_current_binding,0.7,0.6416666805744171,BladeTip,75.97235174290658,-27.165911609453374,167.01366712829383
candidate_grip_recenter_existing_rotation,0.7,0.6416666805744171,Grip,62.99908272826981,-0.9678873691144858,143.48255699103385
candidate_grip_recenter_existing_rotation,0.7,0.6416666805744171,BladeBase,74.15840504654965,-33.55119184016889,165.5591068477932
candidate_grip_recenter_existing_rotation,0.7,0.6416666805744171,BladeTip,86.6354550170702,-47.72170698471631,182.64362951387383
actual_current_binding,0.7166666666666667,0.6569444586833318,Grip,51.0436562312813,19.858184938536553,122.86338413250053
actual_current_binding,0.7166666666666667,0.6569444586833318,BladeBase,65.90738251177834,-12.799010069382335,142.51417326952742
actual_current_binding,0.7166666666666667,0.6569444586833318,BladeTip,81.1653426312942,-27.013235989336465,157.12621024745442
candidate_grip_recenter_existing_rotation,0.7166666666666667,0.6569444586833318,Grip,64.28195161985201,-0.7401286339020956,136.31683098809273
candidate_grip_recenter_existing_rotation,0.7166666666666667,0.6569444586833318,BladeBase,79.14567790034904,-33.39732364182099,155.96762012511962
candidate_grip_recenter_existing_rotation,0.7166666666666667,0.6569444586833318,BladeTip,94.40363801986489,-47.6115495617751,170.57965710304663
actual_current_binding,0.7333333333333333,0.6722222367922465,Grip,48.6239258922305,20.68147267027959,118.02227979568165
actual_current_binding,0.7333333333333333,0.6722222367922465,BladeBase,67.16070181472388,-12.30837415583082,133.566867381839
actual_current_binding,0.7333333333333333,0.6722222367922465,BladeTip,85.09005877899472,-26.769959065445875,144.41868340065744
candidate_grip_recenter_existing_rotation,0.7333333333333333,0.6722222367922465,Grip,64.31496344987944,-0.1437365340579504,128.05423977765085
candidate_grip_recenter_existing_rotation,0.7333333333333333,0.6722222367922465,BladeBase,82.85173937237282,-33.133583360168366,143.5988273638082
candidate_grip_recenter_existing_rotation,0.7333333333333333,0.6722222367922465,BladeTip,100.78109633664366,-47.5951682697834,154.45064338262665
actual_current_binding,0.75,0.6875000149011612,Grip,44.59564117859359,22.291746382602014,113.86651509274199
actual_current_binding,0.75,0.6875000149011612,BladeBase,66.72076397504978,-11.049973743494958,122.37444661041592
actual_current_binding,0.75,0.6875000149011612,BladeTip,86.96604782330454,-25.7228770361899,127.19062570004232
candidate_grip_recenter_existing_rotation,0.75,0.6875000149011612,Grip,62.44992203100493,1.2685773037515702,118.31502453356492
candidate_grip_recenter_existing_rotation,0.75,0.6875000149011612,BladeBase,84.57504482746111,-32.073142822345396,126.82295605123885
candidate_grip_recenter_existing_rotation,0.75,0.6875000149011612,BladeTip,104.82032867571587,-46.74604611504034,131.63913514086528
actual_current_binding,0.7666666666666667,0.7027777930100759,Grip,39.92599506494201,23.44385703602584,109.9701301916914
actual_current_binding,0.7666666666666667,0.7027777930100759,BladeBase,64.46336704034817,-9.267332870139834,111.18326245900278
actual_current_binding,0.7666666666666667,0.7027777930100759,BladeTip,85.63160587875069,-23.344257182992955,109.73169209312654
candidate_grip_recenter_existing_rotation,0.7666666666666667,0.7027777930100759,Grip,58.87251934381138,2.948715688422844,108.73861973221742
candidate_grip_recenter_existing_rotation,0.7666666666666667,0.7027777930100759,BladeBase,83.40989131921755,-29.762474217742835,109.9517519995288
candidate_grip_recenter_existing_rotation,0.7666666666666667,0.7027777930100759,BladeTip,104.57813015762008,-43.83939853059595,108.50018163365255
actual_current_binding,0.7833333333333333,0.7180555711189905,Grip,34.19024043827763,24.85485989625807,106.11472201527906
actual_current_binding,0.7833333333333333,0.7180555711189905,BladeBase,58.25509688052751,-7.5732124158904615,99.56651088805923
actual_current_binding,0.7833333333333333,0.7180555711189905,BladeTip,78.20606564868955,-21.36497051134313,91.81361181707442
candidate_grip_recenter_existing_rotation,0.7833333333333333,0.7180555711189905,Grip,52.118176512413406,4.615570917269558,99.07920434658529
candidate_grip_recenter_existing_rotation,0.7833333333333333,0.7180555711189905,BladeBase,76.18303295466329,-27.81250139487898,92.53099321936546
candidate_grip_recenter_existing_rotation,0.7833333333333333,0.7180555711189905,BladeTip,96.13400172282533,-41.604259490331636,84.77809414838065
actual_current_binding,0.8,0.7333333492279053,Grip,27.658083892500088,25.501999768464948,102.27649490658382
actual_current_binding,0.8,0.7333333492279053,BladeBase,48.69606411207077,-7.025042919386658,89.12464558041279
actual_current_binding,0.8,0.7333333492279053,BladeTip,65.43244984834065,-20.919407449612528,75.88828592435476
candidate_grip_recenter_existing_rotation,0.8,0.7333333492279053,Grip,42.68345854555636,5.170220384277513,90.38552847286488
candidate_grip_recenter_existing_rotation,0.8,0.7333333492279053,BladeBase,63.721438765127054,-27.35682230357409,77.23367914669385
candidate_grip_recenter_existing_rotation,0.8,0.7333333492279053,BladeTip,80.45782450139693,-41.25118683379995,63.99731949063579
actual_current_binding,0.8166666666666667,0.74861112733682,Grip,20.89977993072987,24.77758045209884,98.68776518815653
actual_current_binding,0.8166666666666667,0.74861112733682,BladeBase,38.030466834589454,-8.04499725190079,81.28678195439889
actual_current_binding,0.8166666666666667,0.74861112733682,BladeTip,50.48171453282508,-22.330160725644134,64.27908588931857
candidate_grip_recenter_existing_rotation,0.8166666666666667,0.74861112733682,Grip,32.30723648134959,4.105375017260123,83.75230146501241
candidate_grip_recenter_existing_rotation,0.8166666666666667,0.74861112733682,BladeBase,49.437923385209174,-28.717202686739498,66.35131823125477
candidate_grip_recenter_existing_rotation,0.8166666666666667,0.74861112733682,BladeTip,61.88917108344479,-43.00236616048284,49.343622166174455
actual_current_binding,0.8333333333333333,0.7638889054457346,Grip,15.911937463094413,24.904782351587954,95.47379399238653
actual_current_binding,0.8333333333333333,0.7638889054457346,BladeBase,29.835986643629372,-8.360451297567975,76.15744487771737
actual_current_binding,0.8333333333333333,0.7638889054457346,BladeTip,39.19611626333057,-23.070869083207185,57.600700221639386
candidate_grip_recenter_existing_rotation,0.8333333333333333,0.7638889054457346,Grip,24.607362343579343,3.8599969838033488,79.28599568342777
candidate_grip_recenter_existing_rotation,0.8333333333333333,0.7638889054457346,BladeBase,38.531411524114304,-29.40523666535259,59.96964656875862
candidate_grip_recenter_existing_rotation,0.8333333333333333,0.7638889054457346,BladeTip,47.8915411438155,-44.11565445099179,41.412901912680624
actual_current_binding,0.85,0.7791666835546494,Grip,10.676112078562427,24.90587945737705,92.9478038967709
actual_current_binding,0.85,0.7791666835546494,BladeBase,21.442677638159566,-8.950778336317144,72.6651993419743
actual_current_binding,0.85,0.7791666835546494,BladeTip,27.751305791240735,-24.23402856415888,53.300678602852855
candidate_grip_recenter_existing_rotation,0.85,0.7791666835546494,Grip,16.736313673266718,3.3648239783164264,76.22072690766782
candidate_grip_recenter_existing_rotation,0.85,0.7791666835546494,BladeBase,27.50287923286385,-30.49183381537777,55.93812235287122
candidate_grip_recenter_existing_rotation,0.85,0.7791666835546494,BladeTip,33.81150738594502,-45.77508404321951,36.57360161374979
actual_current_binding,0.8666666666666667,0.7944444616635641,Grip,5.862449692926427,24.68605208198285,91.24980750218491
actual_current_binding,0.8666666666666667,0.7944444616635641,BladeBase,14.237949998713024,-9.814203223981426,70.92347883993682
actual_current_binding,0.8666666666666667,0.7944444616635641,BladeTip,18.133246506945834,-25.743011569174207,51.443722168674114
candidate_grip_recenter_existing_rotation,0.8666666666666667,0.7944444616635641,Grip,9.91315253482832,2.595823494179937,74.631990962548
candidate_grip_recenter_existing_rotation,0.8666666666666667,0.7944444616635641,BladeBase,18.28865284061492,-31.904431811784335,54.305662300299915
candidate_grip_recenter_existing_rotation,0.8666666666666667,0.7944444616635641,BladeTip,22.183949348847726,-47.83324015697711,34.82590562903721
actual_current_binding,0.8833333333333333,0.8097222397724787,Grip,3.9701623662121523,24.795150269169618,90.02695383861315
actual_current_binding,0.8833333333333333,0.8097222397724787,BladeBase,12.642055453568872,-9.984290292882147,70.30982821374491
actual_current_binding,0.8833333333333333,0.8097222397724787,BladeTip,16.787922415886886,-26.191399088528087,51.11340662602723
candidate_grip_recenter_existing_rotation,0.8833333333333333,0.8097222397724787,Grip,8.251319382206571,2.4700145739804125,73.78508726128909
candidate_grip_recenter_existing_rotation,0.8833333333333333,0.8097222397724787,BladeBase,16.923212469563293,-32.30942598807135,54.06796163642085
candidate_grip_recenter_existing_rotation,0.8833333333333333,0.8097222397724787,BladeTip,21.069079431881303,-48.51653478371728,34.87154004870317
actual_current_binding,0.9,0.8250000178813934,Grip,1.9963363058191455,24.83456139093121,88.77120423458773
actual_current_binding,0.9,0.8250000178813934,BladeBase,11.033923625791367,-10.283629620005984,69.83417875570424
actual_current_binding,0.9,0.8250000178813934,BladeTip,15.472795187750732,-26.840363207206504,51.00515375876313
candidate_grip_recenter_existing_rotation,0.9,0.8250000178813934,Grip,6.556259290973378,2.218221342398426,73.01536454581199
candidate_grip_recenter_existing_rotation,0.9,0.8250000178813934,BladeBase,15.593846610945596,-32.89996966853876,54.07833906692851
candidate_grip_recenter_existing_rotation,0.9,0.8250000178813934,BladeTip,20.032718172904964,-49.456703255739285,35.24931406998739
actual_current_binding,0.9166666666666667,0.8402777959903082,Grip,0.8464977050389031,24.799316271114364,87.76404488378174
actual_current_binding,0.9166666666666667,0.8402777959903082,BladeBase,10.180891910665906,-10.60464168149879,69.51561742993708
actual_current_binding,0.9166666666666667,0.8402777959903082,BladeTip,14.835135068251992,-27.468917042154892,51.014389704551704
candidate_grip_recenter_existing_rotation,0.9166666666666667,0.8402777959903082,Grip,5.624744343848866,1.930858047197538,72.44281136165701
candidate_grip_recenter_existing_rotation,0.9166666666666667,0.8402777959903082,BladeBase,14.959138549475869,-33.47309990541562,54.194383907812366
candidate_grip_recenter_existing_rotation,0.9166666666666667,0.8402777959903082,BladeTip,19.613381707061954,-50.33737526607171,35.693156182426975
actual_current_binding,0.9333333333333333,0.8555555740992228,Grip,0.754087705700563,24.734284060392987,87.0845566786302
actual_current_binding,0.9333333333333333,0.8555555740992228,BladeBase,10.235319854370289,-10.848757495279951,69.26519504514408
actual_current_binding,0.9333333333333333,0.8555555740992228,BladeTip,14.971124529698704,-27.913123059814865,50.969272764111366
candidate_grip_recenter_existing_rotation,0.9333333333333333,0.8555555740992228,Grip,5.63137601820179,1.7040832827754366,72.03928732314279
candidate_grip_recenter_existing_rotation,0.9333333333333333,0.8555555740992228,BladeBase,15.112608166871512,-33.8789582728975,54.21992568965668
candidate_grip_recenter_existing_rotation,0.9333333333333333,0.8555555740992228,BladeTip,19.848412842199934,-50.94332383743242,35.92400340862396
actual_current_binding,0.95,0.8708333522081375,Grip,0.6578849581765631,24.650914262935757,86.40882509902171
actual_current_binding,0.95,0.8708333522081375,BladeBase,10.291634108114174,-11.10866662639264,69.030116563278
actual_current_binding,0.95,0.8708333522081375,BladeTip,15.11257289490967,-28.37426345209102,50.94645250913942
candidate_grip_recenter_existing_rotation,0.95,0.8708333522081375,Grip,5.638215620400279,1.4595707711071046,71.64752052731336
candidate_grip_recenter_existing_rotation,0.95,0.8708333522081375,BladeBase,15.27196477033789,-34.300010118221294,54.26881199156965
candidate_grip_recenter_existing_rotation,0.95,0.8708333522081375,BladeTip,20.09290355713339,-51.565606943919654,36.18514793743108
actual_current_binding,0.9666666666666667,0.8861111303170522,Grip,0.8616187620016085,24.64633170219074,86.11674531190094
actual_current_binding,0.9666666666666667,0.8861111303170522,BladeBase,10.589027364279332,-11.211503466722688,68.99455394169243
actual_current_binding,0.9666666666666667,0.8861111303170522,BladeTip,15.447786136573926,-28.595508031885768,51.03487580906496
candidate_grip_recenter_existing_rotation,0.9666666666666667,0.8861111303170522,Grip,5.900031898161705,1.3617428578281014,71.52289268354545
candidate_grip_recenter_existing_rotation,0.9666666666666667,0.8861111303170522,BladeBase,15.627440500439421,-34.49609231108532,54.40070131333694
candidate_grip_recenter_existing_rotation,0.9666666666666667,0.8861111303170522,BladeTip,20.48619927273402,-51.8800968762484,36.441023180709465
actual_current_binding,0.9833333333333333,0.9013889084259669,Grip,1.1807262913882983,24.672445431744375,85.97198742698788
actual_current_binding,0.9833333333333333,0.9013889084259669,BladeBase,10.978938749650546,-11.253597226278892,69.03413779985632
actual_current_binding,0.9833333333333333,0.9013889084259669,BladeTip,15.856433463570156,-28.724167004030765,51.16375931721282
candidate_grip_recenter_existing_rotation,0.9833333333333333,0.9013889084259669,Grip,6.259513673102571,1.3206760578869465,71.49997979289232
candidate_grip_recenter_existing_rotation,0.9833333333333333,0.9013889084259669,BladeBase,16.057726131364813,-34.605366600136335,54.56213016576076
candidate_grip_recenter_existing_rotation,0.9833333333333333,0.9013889084259669,BladeTip,20.935220845284423,-52.07593637788819,36.691751683117275
actual_current_binding,1.0,0.9166666865348816,Grip,1.5018524174512393,24.694862970940008,85.83246688737631
actual_current_binding,1.0,0.9166666865348816,BladeBase,11.37161021404215,-11.297755750577956,69.07849610314899
actual_current_binding,1.0,0.9166666865348816,BladeTip,16.26730561728518,-28.854228293437842,51.297505452259756
candidate_grip_recenter_existing_rotation,1.0,0.9166666865348816,Grip,6.621187987990849,1.276861808809306,71.4822806862687
candidate_grip_recenter_existing_rotation,1.0,0.9166666865348816,BladeBase,16.49094578458176,-34.71575691270866,54.728309902041374
candidate_grip_recenter_existing_rotation,1.0,0.9166666865348816,BladeTip,21.386641187824793,-52.27222945556854,36.94731925115214
