cue_id,speaker,text,trigger,audio_group,source,text_status,voice_status
fixed.main_01.intro,弟弟,后巷还能走，先带人出去。,任务已可接受且当前对话获知条件成立,voice_quest_001,Resources/Data/gameplay.json:campaign.quests:main_01:dialogue[0],CONFIRMED_049_TEXT_APPROVED_051_TRIGGER,UNPRODUCED
fixed.main_01.complete,弟弟,人都到齐了，先把火生起来。,任务真实条件完成且本人观察或允许回执成立,voice_quest_002,Resources/Data/gameplay.json:campaign.quests:main_01:dialogue[1],CONFIRMED_049_TEXT_APPROVED_051_TRIGGER,UNPRODUCED
fixed.main_02.intro,弟弟,先把做工具的地方安好。,任务已可接受且当前对话获知条件成立,voice_quest_003,Resources/Data/gameplay.json:campaign.quests:main_02:dialogue[0],CONFIRMED_049_TEXT_APPROVED_051_TRIGGER,UNPRODUCED
fixed.main_02.complete,弟弟,这回出门，回来就有地方修整了。,任务真实条件完成且本人观察或允许回执成立,voice_quest_004,Resources/Data/gameplay.json:campaign.quests:main_02:dialogue[1],CONFIRMED_049_TEXT_APPROVED_051_TRIGGER,UNPRODUCED
fixed.main_03.intro,弟弟,前面有动静，先看清楚再过去。,任务已可接受且当前对话获知条件成立,voice_quest_005,Resources/Data/gameplay.json:campaign.quests:main_03:dialogue[0],CONFIRMED_049_TEXT_APPROVED_051_TRIGGER,UNPRODUCED
fixed.main_03.complete,族人,路我记得，等安全了就跟你们走。,任务真实条件完成且本人观察或允许回执成立,voice_quest_006,Resources/Data/gameplay.json:campaign.quests:main_03:dialogue[1],CONFIRMED_049_TEXT_APPROVED_051_TRIGGER,UNPRODUCED
fixed.main_04.intro,弟弟,人回来了，营地也该往外腾一点。,任务已可接受且当前对话获知条件成立,voice_quest_007,Resources/Data/gameplay.json:campaign.quests:main_04:dialogue[0],CONFIRMED_049_TEXT_APPROVED_051_TRIGGER,UNPRODUCED
fixed.main_04.complete,弟弟,下次出门，我们能多做些准备。,任务真实条件完成且本人观察或允许回执成立,voice_quest_008,Resources/Data/gameplay.json:campaign.quests:main_04:dialogue[1],CONFIRMED_049_TEXT_APPROVED_051_TRIGGER,UNPRODUCED
fixed.main_05.intro,弟弟,地形没变，守在那里的人变了。,任务已可接受且当前对话获知条件成立,voice_quest_009,Resources/Data/gameplay.json:campaign.quests:main_05:dialogue[0],CONFIRMED_049_TEXT_APPROVED_051_TRIGGER,UNPRODUCED
fixed.main_05.complete,弟弟,入口记下了，怎么进去由你定。,任务真实条件完成且本人观察或允许回执成立,voice_quest_010,Resources/Data/gameplay.json:campaign.quests:main_05:dialogue[1],CONFIRMED_049_TEXT_APPROVED_051_TRIGGER,UNPRODUCED
fixed.main_06.intro,弟弟,先把能守住的地方拿回来。,任务已可接受且当前对话获知条件成立,voice_quest_011,Resources/Data/gameplay.json:campaign.quests:main_06:dialogue[0],CONFIRMED_049_TEXT_APPROVED_051_TRIGGER,UNPRODUCED
fixed.main_06.complete,弟弟,两处旗帜都换了，剩下的路能走得更稳。,任务真实条件完成且本人观察或允许回执成立,voice_quest_012,Resources/Data/gameplay.json:campaign.quests:main_06:dialogue[1],CONFIRMED_049_TEXT_APPROVED_051_TRIGGER,UNPRODUCED
fixed.main_07.intro,弟弟,还不能漏下守军，先看清敌和旗帜两项。,任务已可接受且当前对话获知条件成立,voice_quest_013,Resources/Data/gameplay.json:campaign.quests:main_07:dialogue[0],CONFIRMED_049_TEXT_APPROVED_051_TRIGGER,UNPRODUCED
fixed.main_07.complete,弟弟,这一次，火可以留在这里了。,任务真实条件完成且本人观察或允许回执成立,voice_quest_014,Resources/Data/gameplay.json:campaign.quests:main_07:dialogue[1],CONFIRMED_049_TEXT_APPROVED_051_TRIGGER,UNPRODUCED
fixed.main_08.intro,弟弟,两边用的是同一份家当，别再往返搬了。,任务已可接受且当前对话获知条件成立,voice_quest_015,Resources/Data/gameplay.json:campaign.quests:main_08:dialogue[0],CONFIRMED_049_TEXT_APPROVED_051_TRIGGER,UNPRODUCED
fixed.main_08.complete,弟弟,有两处落脚的地方，日子就能接着过。,任务真实条件完成且本人观察或允许回执成立,voice_quest_016,Resources/Data/gameplay.json:campaign.quests:main_08:dialogue[1],CONFIRMED_049_TEXT_APPROVED_051_TRIGGER,UNPRODUCED
fixed.side_01.intro,族人,还有人留在里面，走的时候叫上我们。,任务已可接受且当前对话获知条件成立,voice_quest_017,Resources/Data/gameplay.json:campaign.quests:side_01:dialogue[0],CONFIRMED_049_TEXT_APPROVED_051_TRIGGER,UNPRODUCED
fixed.side_01.complete,族人,都回来了，这份吃的先收好。,任务真实条件完成且本人观察或允许回执成立,voice_quest_018,Resources/Data/gameplay.json:campaign.quests:side_01:dialogue[1],CONFIRMED_049_TEXT_APPROVED_051_TRIGGER,UNPRODUCED
fixed.side_02.intro,族人,还有人留在里面，走的时候叫上我们。,任务已可接受且当前对话获知条件成立,voice_quest_017,Resources/Data/gameplay.json:campaign.quests:side_02:dialogue[0],CONFIRMED_049_TEXT_APPROVED_051_TRIGGER,UNPRODUCED
fixed.side_02.complete,族人,都回来了，这份吃的先收好。,任务真实条件完成且本人观察或允许回执成立,voice_quest_018,Resources/Data/gameplay.json:campaign.quests:side_02:dialogue[1],CONFIRMED_049_TEXT_APPROVED_051_TRIGGER,UNPRODUCED
fixed.side_03.intro,族人,还有人留在里面，走的时候叫上我们。,任务已可接受且当前对话获知条件成立,voice_quest_017,Resources/Data/gameplay.json:campaign.quests:side_03:dialogue[0],CONFIRMED_049_TEXT_APPROVED_051_TRIGGER,UNPRODUCED
fixed.side_03.complete,族人,都回来了，这份吃的先收好。,任务真实条件完成且本人观察或允许回执成立,voice_quest_018,Resources/Data/gameplay.json:campaign.quests:side_03:dialogue[1],CONFIRMED_049_TEXT_APPROVED_051_TRIGGER,UNPRODUCED
fixed.side_04.intro,族人,还有人留在里面，走的时候叫上我们。,任务已可接受且当前对话获知条件成立,voice_quest_017,Resources/Data/gameplay.json:campaign.quests:side_04:dialogue[0],CONFIRMED_049_TEXT_APPROVED_051_TRIGGER,UNPRODUCED
fixed.side_04.complete,族人,都回来了，这份吃的先收好。,任务真实条件完成且本人观察或允许回执成立,voice_quest_018,Resources/Data/gameplay.json:campaign.quests:side_04:dialogue[1],CONFIRMED_049_TEXT_APPROVED_051_TRIGGER,UNPRODUCED
fixed.side_05.intro,弟弟,这件事还没有做完。,任务已可接受且当前对话获知条件成立,voice_quest_019,Resources/Data/gameplay.json:campaign.quests:side_05:dialogue[0],CONFIRMED_049_TEXT_APPROVED_051_TRIGGER,UNPRODUCED
fixed.side_05.complete,弟弟,已经办妥，东西都登记过了。,任务真实条件完成且本人观察或允许回执成立,voice_quest_020,Resources/Data/gameplay.json:campaign.quests:side_05:dialogue[1],CONFIRMED_049_TEXT_APPROVED_051_TRIGGER,UNPRODUCED
fixed.side_06.intro,弟弟,这件事还没有做完。,任务已可接受且当前对话获知条件成立,voice_quest_019,Resources/Data/gameplay.json:campaign.quests:side_06:dialogue[0],CONFIRMED_049_TEXT_APPROVED_051_TRIGGER,UNPRODUCED
fixed.side_06.complete,弟弟,已经办妥，东西都登记过了。,任务真实条件完成且本人观察或允许回执成立,voice_quest_020,Resources/Data/gameplay.json:campaign.quests:side_06:dialogue[1],CONFIRMED_049_TEXT_APPROVED_051_TRIGGER,UNPRODUCED
fixed.side_07.intro,弟弟,这件事还没有做完。,任务已可接受且当前对话获知条件成立,voice_quest_019,Resources/Data/gameplay.json:campaign.quests:side_07:dialogue[0],CONFIRMED_049_TEXT_APPROVED_051_TRIGGER,UNPRODUCED
fixed.side_07.complete,弟弟,已经办妥，东西都登记过了。,任务真实条件完成且本人观察或允许回执成立,voice_quest_020,Resources/Data/gameplay.json:campaign.quests:side_07:dialogue[1],CONFIRMED_049_TEXT_APPROVED_051_TRIGGER,UNPRODUCED
fixed.side_08.intro,弟弟,这件事还没有做完。,任务已可接受且当前对话获知条件成立,voice_quest_019,Resources/Data/gameplay.json:campaign.quests:side_08:dialogue[0],CONFIRMED_049_TEXT_APPROVED_051_TRIGGER,UNPRODUCED
fixed.side_08.complete,弟弟,已经办妥，东西都登记过了。,任务真实条件完成且本人观察或允许回执成立,voice_quest_020,Resources/Data/gameplay.json:campaign.quests:side_08:dialogue[1],CONFIRMED_049_TEXT_APPROVED_051_TRIGGER,UNPRODUCED
fixed.side_09.intro,弟弟,这件事还没有做完。,任务已可接受且当前对话获知条件成立,voice_quest_019,Resources/Data/gameplay.json:campaign.quests:side_09:dialogue[0],CONFIRMED_049_TEXT_APPROVED_051_TRIGGER,UNPRODUCED
fixed.side_09.complete,弟弟,已经办妥，东西都登记过了。,任务真实条件完成且本人观察或允许回执成立,voice_quest_020,Resources/Data/gameplay.json:campaign.quests:side_09:dialogue[1],CONFIRMED_049_TEXT_APPROVED_051_TRIGGER,UNPRODUCED
fixed.side_10.intro,弟弟,这件事还没有做完。,任务已可接受且当前对话获知条件成立,voice_quest_019,Resources/Data/gameplay.json:campaign.quests:side_10:dialogue[0],CONFIRMED_049_TEXT_APPROVED_051_TRIGGER,UNPRODUCED
fixed.side_10.complete,弟弟,已经办妥，东西都登记过了。,任务真实条件完成且本人观察或允许回执成立,voice_quest_020,Resources/Data/gameplay.json:campaign.quests:side_10:dialogue[1],CONFIRMED_049_TEXT_APPROVED_051_TRIGGER,UNPRODUCED
fixed.side_11.intro,弟弟,这件事还没有做完。,任务已可接受且当前对话获知条件成立,voice_quest_019,Resources/Data/gameplay.json:campaign.quests:side_11:dialogue[0],CONFIRMED_049_TEXT_APPROVED_051_TRIGGER,UNPRODUCED
fixed.side_11.complete,弟弟,已经办妥，东西都登记过了。,任务真实条件完成且本人观察或允许回执成立,voice_quest_020,Resources/Data/gameplay.json:campaign.quests:side_11:dialogue[1],CONFIRMED_049_TEXT_APPROVED_051_TRIGGER,UNPRODUCED
fixed.side_12.intro,弟弟,这件事还没有做完。,任务已可接受且当前对话获知条件成立,voice_quest_019,Resources/Data/gameplay.json:campaign.quests:side_12:dialogue[0],CONFIRMED_049_TEXT_APPROVED_051_TRIGGER,UNPRODUCED
fixed.side_12.complete,弟弟,已经办妥，东西都登记过了。,任务真实条件完成且本人观察或允许回执成立,voice_quest_020,Resources/Data/gameplay.json:campaign.quests:side_12:dialogue[1],CONFIRMED_049_TEXT_APPROVED_051_TRIGGER,UNPRODUCED
fixed.side_13.intro,弟弟,这件事还没有做完。,任务已可接受且当前对话获知条件成立,voice_quest_019,Resources/Data/gameplay.json:campaign.quests:side_13:dialogue[0],CONFIRMED_049_TEXT_APPROVED_051_TRIGGER,UNPRODUCED
fixed.side_13.complete,弟弟,已经办妥，东西都登记过了。,任务真实条件完成且本人观察或允许回执成立,voice_quest_020,Resources/Data/gameplay.json:campaign.quests:side_13:dialogue[1],CONFIRMED_049_TEXT_APPROVED_051_TRIGGER,UNPRODUCED
fixed.side_14.intro,弟弟,这件事还没有做完。,任务已可接受且当前对话获知条件成立,voice_quest_019,Resources/Data/gameplay.json:campaign.quests:side_14:dialogue[0],CONFIRMED_049_TEXT_APPROVED_051_TRIGGER,UNPRODUCED
fixed.side_14.complete,弟弟,已经办妥，东西都登记过了。,任务真实条件完成且本人观察或允许回执成立,voice_quest_020,Resources/Data/gameplay.json:campaign.quests:side_14:dialogue[1],CONFIRMED_049_TEXT_APPROVED_051_TRIGGER,UNPRODUCED
fixed.side_15.intro,弟弟,这件事还没有做完。,任务已可接受且当前对话获知条件成立,voice_quest_019,Resources/Data/gameplay.json:campaign.quests:side_15:dialogue[0],CONFIRMED_049_TEXT_APPROVED_051_TRIGGER,UNPRODUCED
fixed.side_15.complete,弟弟,已经办妥，东西都登记过了。,任务真实条件完成且本人观察或允许回执成立,voice_quest_020,Resources/Data/gameplay.json:campaign.quests:side_15:dialogue[1],CONFIRMED_049_TEXT_APPROVED_051_TRIGGER,UNPRODUCED
fixed.task.accepted,弟弟,我按刚才说的去做。,玩家确认后真实目标已接受,voice_state_task_accepted,TASK-051:D4,APPROVED_051,UNPRODUCED
fixed.task.blocked,弟弟,这条路走不通，我先停下。,真实导航已判定受阻,voice_state_task_blocked,TASK-051:D4,APPROVED_051,UNPRODUCED
fixed.task.cancelled,弟弟,我停下了，已经交出去的东西照旧。,取消已生效，已提交事务保持,voice_state_task_cancelled,TASK-051:D4,APPROVED_051,UNPRODUCED
fixed.task.delivered,弟弟,这趟的东西已经放进仓库。,本人实际入库回执成立,voice_state_task_delivered,TASK-051:D4,APPROVED_051,UNPRODUCED
fixed.task.finished,弟弟,这件事办妥了。,当前任务实际完成回执成立,voice_state_task_finished,TASK-051:D4,APPROVED_051,UNPRODUCED
fixed.rescue.started,弟弟,先别动，我来扶你。,已接受合法五秒扶起动作,voice_state_rescue_started,TASK-051:D4,APPROVED_051,UNPRODUCED
fixed.hunger.food,弟弟,我得找点吃的。,自身已触发自动进食且尚未完成,voice_state_hunger_food,TASK-051:D4,APPROVED_051,UNPRODUCED
fixed.camp.three_days,弟弟,这几天走得不少，回来歇一会儿吧。,050三日回营主动交流条件成立,voice_state_camp_three_days,TASK-051:D4,APPROVED_051,UNPRODUCED
